{"timestamp": "2025-10-20T20:52:13.622176", "api_method": "sentiment_analysis", "status": 200, "latency_ms": 212, "user_id": 285, "request_id": "7d23032a-b487-4a6a-83ab-87b876cf9e34"}
{"timestamp": "2024-12-02T20:52:13.622182", "api_method": "translate_text", "status": 201, "latency_ms": 236, "user_id": 387, "request_id": "55df1ae8-29e0-4a49-8580-13c3685aee49"}
{"timestamp": "2025-06-06T20:52:13.622188", "api_method": "translate_text", "status": 400, "latency_ms": 113, "user_id": 168, "request_id": "b6b9a488-0859-4011-a105-289f7f93e8df"}
{"timestamp": "2024-12-16T20:52:13.622192", "api_method": "summarize_text", "status": 200, "latency_ms": 197, "user_id": 754, "request_id": "a4cf969b-d6b2-40ed-bed4-8837bb30d715"}
{"timestamp": "2025-08-04T20:52:13.622197", "api_method": "summarize_text", "status": 201, "latency_ms": 323, "user_id": 108, "request_id": "67becd88-9dc1-4364-ab82-ebe14351058b"}
{"timestamp": "2025-01-01T20:52:13.622202", "api_method": "summarize_text", "status": 200, "latency_ms": 172, "user_id": 794, "request_id": "55c48c58-adaf-4551-8b1e-627bce0d1c60"}
{"timestamp": "2025-06-01T20:52:13.622207", "api_method": "generate_embedding", "status": 200, "latency_ms": 264, "user_id": 254, "request_id": "ed0189a6-702f-4b59-bd74-dc3cbbd299f2"}
{"timestamp": "2025-04-13T20:52:13.622212", "api_method": "summarize_text", "status": 201, "latency_ms": 188, "user_id": 894, "request_id": "d9822c86-d3f7-4d05-9cbe-9439545c9ce2"}
{"timestamp": "2025-06-07T20:52:13.622217", "api_method": "sentiment_analysis", "status": 500, "latency_ms": 302, "user_id": 476, "request_id": "09ebad4b-7309-459e-867f-629333b803b2"}
{"timestamp": "2025-07-17T20:52:13.622222", "api_method": "translate_text", "status": 401, "latency_ms": 232, "user_id": 241, "request_id": "64abb93e-78fe-4ac0-9903-36194cbfef32"}
{"timestamp": "2025-08-14T20:52:13.622227", "api_method": "chat_completion", "status": 200, "latency_ms": 200, "user_id": 38, "request_id": "7d1694a7-05d1-4d15-9609-62da06316921"}
{"timestamp": "2025-03-23T20:52:13.622232", "api_method": "translate_text", "status": 200, "latency_ms": 155, "user_id": 900, "request_id": "c4552dad-f859-4253-9f1d-3dc155110e3e"}
{"timestamp": "2024-12-22T20:52:13.622236", "api_method": "sentiment_analysis", "status": 201, "latency_ms": 215, "user_id": 124, "request_id": "875345b8-d3ee-46d7-bb23-0b84ebdff61a"}
{"timestamp": "2025-02-19T20:52:13.622241", "api_method": "translate_text", "status": 401, "latency_ms": 260, "user_id": 248, "request_id": "d8bff443-783b-4920-a31a-fb9abf39187f"}
{"timestamp": "2025-08-20T20:52:13.622246", "api_method": "sentiment_analysis", "status": 200, "latency_ms": 168, "user_id": 877, "request_id": "ac3d3f17-c9ea-4079-9881-9c389306fec7"}
{"timestamp": "2025-06-08T20:52:13.622251", "api_method": "translate_text", "status": 401, "latency_ms": 151, "user_id": 609, "request_id": "bc46f924-3777-4f3b-afe7-ddcad7a66f4f"}
{"timestamp": "2025-11-01T20:52:13.622256", "api_method": "translate_text", "status": 500, "latency_ms": 188, "user_id": 78, "request_id": "3da821ff-5708-4c17-8e79-84ee6a59bf40"}
{"timestamp": "2025-06-02T20:52:13.622261", "api_method": "sentiment_analysis", "status": 401, "latency_ms": 170, "user_id": 808, "request_id": "00e0cc29-c1d6-4863-af30-1264cc9444e4"}
{"timestamp": "2025-05-16T20:52:13.622266", "api_method": "sentiment_analysis", "status": 400, "latency_ms": 132, "user_id": 65, "request_id": "43d008f0-7144-4be7-83cd-cbb97aa7b808"}
{"timestamp": "2025-03-07T20:52:13.622271", "api_method": "chat_completion", "status": 401, "latency_ms": 78, "user_id": 455, "request_id": "6d7a9fef-1262-4f54-bb74-ef4d03f961ca"}
{"timestamp": "2025-11-22T20:52:13.622276", "api_method": "translate_text", "status": 500, "latency_ms": 170, "user_id": 932, "request_id": "4f75a7c0-c875-4895-af7b-4cf12973d7ce"}
{"timestamp": "2025-03-29T20:52:13.622280", "api_method": "chat_completion", "status": 401, "latency_ms": 243, "user_id": 930, "request_id": "ece7e6c7-ec91-499a-b996-9d33358df0b1"}
{"timestamp": "2025-03-26T20:52:13.622285", "api_method": "chat_completion", "status": 200, "latency_ms": 157, "user_id": 872, "request_id": "2455cee1-6c53-4ca9-8d38-a478bf077cd4"}
{"timestamp": "2025-02-03T20:52:13.622290", "api_method": "summarize_text", "status": 201, "latency_ms": 203, "user_id": 916, "request_id": "7ebed6ff-2bfa-4ccb-93b0-31baef840663"}
{"timestamp": "2025-07-18T20:52:13.622294", "api_method": "generate_embedding", "status": 400, "latency_ms": 130, "user_id": 804, "request_id": "7c7c7347-59fa-4da4-9d8f-e9294ed8ccf6"}
{"timestamp": "2025-08-02T20:52:13.622299", "api_method": "summarize_text", "status": 201, "latency_ms": 294, "user_id": 569, "request_id": "95e56f83-4c94-46e1-96a6-79945ba1d854"}
{"timestamp": "2025-08-08T20:52:13.622304", "api_method": "sentiment_analysis", "status": 401, "latency_ms": 224, "user_id": 310, "request_id": "01bcbf39-f955-4ee8-a818-f2faed9668d0"}
{"timestamp": "2025-01-20T20:52:13.622309", "api_method": "summarize_text", "status": 400, "latency_ms": 165, "user_id": 551, "request_id": "b7212c6e-d6f6-4308-bfb0-62c558622f17"}
{"timestamp": "2025-11-02T20:52:13.622314", "api_method": "translate_text", "status": 200, "latency_ms": 159, "user_id": 452, "request_id": "13e49aa3-2a13-48c0-9d7e-0d22bbbf5345"}
{"timestamp": "2025-08-27T20:52:13.622318", "api_method": "generate_embedding", "status": 200, "latency_ms": 198, "user_id": 430, "request_id": "1d8d8b05-0102-4db5-aa90-3adfd81cba64"}
{"timestamp": "2025-06-10T20:52:13.622323", "api_method": "generate_embedding", "status": 201, "latency_ms": 210, "user_id": 79, "request_id": "a0e4eda7-e126-41ac-b977-cf947c5f1846"}
{"timestamp": "2025-01-03T20:52:13.622328", "api_method": "sentiment_analysis", "status": 401, "latency_ms": 195, "user_id": 923, "request_id": "1acc3dbd-8d5b-462d-86a6-15c28936a4f0"}
{"timestamp": "2025-05-15T20:52:13.622332", "api_method": "generate_embedding", "status": 500, "latency_ms": 93, "user_id": 71, "request_id": "c409456d-fe8f-4496-aaea-313b6f1d3681"}
{"timestamp": "2025-03-10T20:52:13.622337", "api_method": "summarize_text", "status": 201, "latency_ms": 141, "user_id": 725, "request_id": "da6f1ed3-9447-442e-94ed-98581b1485e5"}
{"timestamp": "2024-12-22T20:52:13.622342", "api_method": "generate_embedding", "status": 201, "latency_ms": 229, "user_id": 175, "request_id": "d3a0124a-5557-45e5-a20a-9e95da5876a3"}
{"timestamp": "2025-11-07T20:52:13.622347", "api_method": "summarize_text", "status": 200, "latency_ms": 263, "user_id": 35, "request_id": "1f943fd8-b9b7-44d5-b47a-2c2a3472f74a"}
{"timestamp": "2025-07-10T20:52:13.622351", "api_method": "sentiment_analysis", "status": 400, "latency_ms": 161, "user_id": 897, "request_id": "f0f52de0-6354-48ff-9397-1c9c45bad8c2"}
{"timestamp": "2025-01-28T20:52:13.622359", "api_method": "generate_embedding", "status": 401, "latency_ms": 178, "user_id": 998, "request_id": "06e2967f-1ca7-48e0-9d81-ca1c0a2b2f93"}
{"timestamp": "2025-07-17T20:52:13.622364", "api_method": "generate_embedding", "status": 401, "latency_ms": 145, "user_id": 444, "request_id": "1f0e9ca1-a154-4550-a282-a6166747c5c3"}
{"timestamp": "2025-05-31T20:52:13.622369", "api_method": "translate_text", "status": 200, "latency_ms": 115, "user_id": 161, "request_id": "802c0feb-1786-4b8d-bacf-13a9d62d99c1"}
{"timestamp": "2025-10-10T20:52:13.622374", "api_method": "summarize_text", "status": 200, "latency_ms": 171, "user_id": 840, "request_id": "c62a9cf9-1fc0-4d27-8da0-f822115b6417"}
{"timestamp": "2025-03-19T20:52:13.622379", "api_method": "summarize_text", "status": 400, "latency_ms": 154, "user_id": 391, "request_id": "f8c04234-db26-4455-ada1-2ec90c3089e1"}
{"timestamp": "2024-12-17T20:52:13.622383", "api_method": "chat_completion", "status": 200, "latency_ms": 230, "user_id": 975, "request_id": "f52db8da-7d83-40ae-9f0f-628131c99f7c"}
{"timestamp": "2025-01-06T20:52:13.622388", "api_method": "sentiment_analysis", "status": 400, "latency_ms": 156, "user_id": 108, "request_id": "2d412c83-9d88-426a-aae3-b7f909f66104"}
{"timestamp": "2024-12-19T20:52:13.622393", "api_method": "generate_embedding", "status": 401, "latency_ms": 183, "user_id": 266, "request_id": "8405ef44-83f0-4a74-88a8-8cb780e1e16e"}
{"timestamp": "2025-03-25T20:52:13.622398", "api_method": "summarize_text", "status": 200, "latency_ms": 219, "user_id": 165, "request_id": "6b63f791-ce86-4856-8938-a4ed04d0bfa6"}
{"timestamp": "2025-03-11T20:52:13.622445", "api_method": "chat_completion", "status": 201, "latency_ms": 176, "user_id": 972, "request_id": "3556369e-4b69-48c2-85b2-51546cabea9b"}
{"timestamp": "2025-05-02T20:52:13.622451", "api_method": "translate_text", "status": 401, "latency_ms": 225, "user_id": 135, "request_id": "9baeb34d-2e75-4f98-89d8-09fe717ba7aa"}
{"timestamp": "2025-05-15T20:52:13.622455", "api_method": "generate_embedding", "status": 200, "latency_ms": 91, "user_id": 70, "request_id": "9fbd779a-9cd2-4d5b-9c12-61984a14df9a"}
{"timestamp": "2025-04-20T20:52:13.622460", "api_method": "summarize_text", "status": 400, "latency_ms": 212, "user_id": 636, "request_id": "d5c24854-b75a-4ffc-b83b-bcce923c986e"}
{"timestamp": "2025-10-17T20:52:13.622465", "api_method": "summarize_text", "status": 200, "latency_ms": 191, "user_id": 317, "request_id": "f17ce86a-2e2e-4f29-bd43-e37941abbc77"}
{"timestamp": "2025-05-14T20:52:13.622470", "api_method": "translate_text", "status": 401, "latency_ms": 151, "user_id": 712, "request_id": "a9749bf9-4938-412b-81ab-47028d819500"}
{"timestamp": "2025-10-01T20:52:13.622475", "api_method": "summarize_text", "status": 400, "latency_ms": 116, "user_id": 614, "request_id": "5db77530-669d-4347-8996-3a8cdf0543f1"}
{"timestamp": "2025-08-29T20:52:13.622480", "api_method": "summarize_text", "status": 200, "latency_ms": 103, "user_id": 254, "request_id": "56c30ee4-012a-4474-86c6-82e8aab0da1b"}
{"timestamp": "2025-08-27T20:52:13.622485", "api_method": "summarize_text", "status": 500, "latency_ms": 193, "user_id": 663, "request_id": "cb3c03f6-82f2-4b96-abb8-221fc893d790"}
{"timestamp": "2025-03-09T20:52:13.622489", "api_method": "generate_embedding", "status": 401, "latency_ms": 133, "user_id": 974, "request_id": "2e209e9b-f75e-4fab-ab06-a1d5fb90da7e"}
{"timestamp": "2025-07-10T20:52:13.622494", "api_method": "generate_embedding", "status": 200, "latency_ms": 126, "user_id": 605, "request_id": "ab679c91-da8b-48c2-b0c7-0372de718820"}
{"timestamp": "2025-10-01T20:52:13.622499", "api_method": "generate_embedding", "status": 200, "latency_ms": 279, "user_id": 652, "request_id": "3d96f1df-93f9-46fa-9ba3-71fabc1b6bc5"}
{"timestamp": "2025-02-11T20:52:13.622504", "api_method": "generate_embedding", "status": 201, "latency_ms": 235, "user_id": 861, "request_id": "6bacf65b-0fc5-4aaa-92ff-0abbbe74fd5e"}
{"timestamp": "2025-02-03T20:52:13.622509", "api_method": "generate_embedding", "status": 200, "latency_ms": 125, "user_id": 181, "request_id": "dbfc5e24-97d3-4fbd-9e12-90d9aeb45a4e"}
{"timestamp": "2024-12-24T20:52:13.622513", "api_method": "generate_embedding", "status": 201, "latency_ms": 237, "user_id": 656, "request_id": "45b39c5f-d3b1-4cb5-baf4-541bd812e679"}
{"timestamp": "2024-12-18T20:52:13.622518", "api_method": "chat_completion", "status": 200, "latency_ms": 262, "user_id": 598, "request_id": "61722bf7-89ea-4ebd-b81c-0a57914e7e4d"}
{"timestamp": "2025-09-17T20:52:13.622523", "api_method": "sentiment_analysis", "status": 401, "latency_ms": 207, "user_id": 754, "request_id": "b6fd51d3-0ec4-4482-bbd4-e22f8bb6c6fa"}
{"timestamp": "2025-03-07T20:52:13.622527", "api_method": "summarize_text", "status": 500, "latency_ms": 213, "user_id": 188, "request_id": "972766f1-576c-4713-9ae2-dbc98e23036f"}
{"timestamp": "2025-01-29T20:52:13.622532", "api_method": "sentiment_analysis", "status": 500, "latency_ms": 143, "user_id": 122, "request_id": "ffcdd47d-7600-42d1-bede-dc5e32737353"}
{"timestamp": "2025-01-31T20:52:13.622537", "api_method": "summarize_text", "status": 200, "latency_ms": 296, "user_id": 905, "request_id": "0de20e25-a3da-41c3-91d7-7728674b1420"}
{"timestamp": "2025-03-23T20:52:13.622542", "api_method": "translate_text", "status": 200, "latency_ms": 202, "user_id": 40, "request_id": "95d1a0c8-417c-4485-887e-40c4e6f04316"}
{"timestamp": "2025-09-12T20:52:13.622547", "api_method": "chat_completion", "status": 201, "latency_ms": 113, "user_id": 167, "request_id": "d9ccc098-a7ff-4d43-b124-a2d5c204e087"}
{"timestamp": "2025-08-24T20:52:13.622552", "api_method": "generate_embedding", "status": 401, "latency_ms": 208, "user_id": 893, "request_id": "8f75a167-00ad-428d-a850-f03ae84044ed"}
{"timestamp": "2025-10-30T20:52:13.622556", "api_method": "sentiment_analysis", "status": 500, "latency_ms": 222, "user_id": 434, "request_id": "9cfe138b-213a-45dd-9261-ddb4db2cec9a"}
{"timestamp": "2025-08-01T20:52:13.622561", "api_method": "chat_completion", "status": 200, "latency_ms": 211, "user_id": 393, "request_id": "50d1b4e3-e22a-46cc-b2d1-f885afbe00bc"}
{"timestamp": "2025-03-12T20:52:13.622566", "api_method": "summarize_text", "status": 500, "latency_ms": 165, "user_id": 39, "request_id": "d7808d14-5645-4522-b5e2-acd1e6288c26"}
{"timestamp": "2025-05-16T20:52:13.622571", "api_method": "generate_embedding", "status": 401, "latency_ms": 196, "user_id": 117, "request_id": "d2b91be4-2f36-4cfc-85f1-a48b3e0be4be"}
{"timestamp": "2025-09-25T20:52:13.622575", "api_method": "sentiment_analysis", "status": 201, "latency_ms": 207, "user_id": 820, "request_id": "249d4767-b28a-4446-b856-88c1a333426c"}
{"timestamp": "2025-04-10T20:52:13.622580", "api_method": "sentiment_analysis", "status": 201, "latency_ms": 125, "user_id": 430, "request_id": "892078cb-6dbe-47ac-b5d7-26c5f7e9f7d8"}
{"timestamp": "2025-08-04T20:52:13.622585", "api_method": "sentiment_analysis", "status": 200, "latency_ms": 227, "user_id": 267, "request_id": "c748a60c-12f0-4f5d-a851-eaf3a9e01c7d"}
{"timestamp": "2024-12-30T20:52:13.622590", "api_method": "translate_text", "status": 401, "latency_ms": 233, "user_id": 431, "request_id": "946c7912-b750-44d9-acc5-3db647a65bed"}
{"timestamp": "2025-04-02T20:52:13.622594", "api_method": "summarize_text", "status": 400, "latency_ms": 176, "user_id": 209, "request_id": "eef1cbb7-9bfb-4b9a-aec9-0a13d9cb2682"}
{"timestamp": "2025-06-03T20:52:13.622599", "api_method": "generate_embedding", "status": 400, "latency_ms": 261, "user_id": 546, "request_id": "b03f6a95-ce05-4547-a6a3-f51c49100d49"}
{"timestamp": "2025-09-18T20:52:13.622604", "api_method": "translate_text", "status": 200, "latency_ms": 154, "user_id": 317, "request_id": "9ee9e0c1-7967-4f0e-8371-a41f5714b2c7"}
{"timestamp": "2024-12-17T20:52:13.622609", "api_method": "translate_text", "status": 201, "latency_ms": 188, "user_id": 341, "request_id": "f4876007-3846-4d51-9c81-03224d5e832e"}
{"timestamp": "2025-06-16T20:52:13.622613", "api_method": "sentiment_analysis", "status": 200, "latency_ms": 160, "user_id": 24, "request_id": "a9ee32ba-46b6-4583-b843-6d8c4909d376"}
{"timestamp": "2025-01-27T20:52:13.622618", "api_method": "chat_completion", "status": 200, "latency_ms": 125, "user_id": 285, "request_id": "36ebe798-3df7-4689-b3a3-1ae2bfd48547"}
{"timestamp": "2025-04-15T20:52:13.622623", "api_method": "chat_completion", "status": 200, "latency_ms": 258, "user_id": 763, "request_id": "3174f2a7-efe1-438b-a988-d70e74c7a0d3"}
{"timestamp": "2025-04-14T20:52:13.622627", "api_method": "sentiment_analysis", "status": 401, "latency_ms": 279, "user_id": 435, "request_id": "2e8b1b6d-ae46-4592-b729-65da70c63c84"}
{"timestamp": "2025-05-02T20:52:13.622632", "api_method": "summarize_text", "status": 200, "latency_ms": 183, "user_id": 378, "request_id": "df9c06df-b728-4c7f-a16d-cd8aea0b1c86"}
{"timestamp": "2025-11-17T20:52:13.622637", "api_method": "sentiment_analysis", "status": 401, "latency_ms": 232, "user_id": 608, "request_id": "ad34be85-20bf-4441-ba11-3d8a05ea3c88"}
{"timestamp": "2025-07-15T20:52:13.622642", "api_method": "chat_completion", "status": 200, "latency_ms": 89, "user_id": 605, "request_id": "3a279cbf-3ce6-46aa-bee2-99c67325188f"}
{"timestamp": "2025-02-14T20:52:13.622647", "api_method": "summarize_text", "status": 200, "latency_ms": 112, "user_id": 795, "request_id": "98328ce3-544f-4ed8-be7b-d7185f9f814d"}
{"timestamp": "2025-09-24T20:52:13.622651", "api_method": "summarize_text", "status": 200, "latency_ms": 161, "user_id": 135, "request_id": "a17f4699-e719-47fa-b6f6-4147dcef3c80"}
{"timestamp": "2025-09-29T20:52:13.622656", "api_method": "translate_text", "status": 200, "latency_ms": 207, "user_id": 541, "request_id": "558e70a8-15ad-4ee3-9cc0-0453484067f7"}
{"timestamp": "2025-08-23T20:52:13.622661", "api_method": "sentiment_analysis", "status": 200, "latency_ms": 183, "user_id": 921, "request_id": "6fe8b5f5-c3b5-48f3-8a5f-aee6486ac83f"}
{"timestamp": "2025-10-18T20:52:13.622673", "api_method": "sentiment_analysis", "status": 200, "latency_ms": 156, "user_id": 236, "request_id": "ea539aa7-d5a5-435f-b9e7-491f7a65823a"}
{"timestamp": "2025-05-15T20:52:13.622679", "api_method": "sentiment_analysis", "status": 400, "latency_ms": 182, "user_id": 30, "request_id": "7f14a81f-8fa3-40d5-9f7a-690a9b5d0133"}
{"timestamp": "2025-02-13T20:52:13.622684", "api_method": "summarize_text", "status": 500, "latency_ms": 290, "user_id": 823, "request_id": "bbdf7e96-d777-4b7d-88a6-d11e2625cf06"}
{"timestamp": "2025-11-22T20:52:13.622689", "api_method": "generate_embedding", "status": 200, "latency_ms": 105, "user_id": 587, "request_id": "e926bff4-7f6d-48ba-99f2-bcb850cbb5da"}
{"timestamp": "2025-09-01T20:52:13.622694", "api_method": "chat_completion", "status": 200, "latency_ms": 248, "user_id": 618, "request_id": "9a9c1dac-d0db-4efa-8db7-987fb8c59f66"}
{"timestamp": "2025-10-07T20:52:13.622699", "api_method": "sentiment_analysis", "status": 201, "latency_ms": 213, "user_id": 443, "request_id": "8dafc94e-a530-469b-8d0b-4ad11108011a"}
{"timestamp": "2025-05-29T20:52:13.622703", "api_method": "translate_text", "status": 200, "latency_ms": 340, "user_id": 788, "request_id": "aa63f649-6e80-47b7-acef-520e1be191b0"}
{"timestamp": "2024-12-05T20:52:13.622708", "api_method": "summarize_text", "status": 200, "latency_ms": 146, "user_id": 713, "request_id": "0aaf0980-8850-4eb2-aad2-eda6ead91ecd"}
