{"timestamp": "2025-01-17T20:52:13.620789", "api_method": "summarize_text", "status": 201, "latency_ms": 183, "user_id": 95, "request_id": "aacc9a47-418b-4b43-80ce-7f0cbd5337d2"}
{"timestamp": "2024-12-03T20:52:13.620797", "api_method": "sentiment_analysis", "status": 400, "latency_ms": 181, "user_id": 270, "request_id": "60d866be-3f45-4eb2-89d9-ab7e9cfdab08"}
{"timestamp": "2025-07-17T20:52:13.620802", "api_method": "summarize_text", "status": 200, "latency_ms": 192, "user_id": 126, "request_id": "25e03270-fbe0-4fdb-a0e8-c954aaa213a9"}
{"timestamp": "2025-06-18T20:52:13.620807", "api_method": "summarize_text", "status": 401, "latency_ms": 228, "user_id": 825, "request_id": "8156cfcc-db60-42e1-98c7-e1512de086cc"}
{"timestamp": "2025-07-08T20:52:13.620812", "api_method": "generate_embedding", "status": 200, "latency_ms": 226, "user_id": 850, "request_id": "77940f65-4e9a-4625-b91a-da6358239f3e"}
{"timestamp": "2025-08-04T20:52:13.620817", "api_method": "summarize_text", "status": 200, "latency_ms": 161, "user_id": 288, "request_id": "a203c25b-613b-4810-af73-51f8d86e07d0"}
{"timestamp": "2025-11-07T20:52:13.620821", "api_method": "generate_embedding", "status": 200, "latency_ms": 139, "user_id": 673, "request_id": "a1fe47ba-fab6-40f9-8872-fcdf0115102e"}
{"timestamp": "2025-10-08T20:52:13.620826", "api_method": "chat_completion", "status": 401, "latency_ms": 275, "user_id": 625, "request_id": "41a61b2e-048a-43b1-9408-5854d5cb96cb"}
{"timestamp": "2025-03-21T20:52:13.620831", "api_method": "generate_embedding", "status": 200, "latency_ms": 216, "user_id": 45, "request_id": "7deb911f-9601-4c9d-8c80-eae9fc7c67df"}
{"timestamp": "2025-11-22T20:52:13.620836", "api_method": "sentiment_analysis", "status": 400, "latency_ms": 207, "user_id": 674, "request_id": "62530e86-595f-4025-9bcd-12d40508c22d"}
{"timestamp": "2025-10-05T20:52:13.620841", "api_method": "chat_completion", "status": 200, "latency_ms": 95, "user_id": 501, "request_id": "b9b53e63-bfd5-4a30-84e1-5ffeac87e33d"}
{"timestamp": "2025-02-25T20:52:13.620846", "api_method": "generate_embedding", "status": 200, "latency_ms": 172, "user_id": 134, "request_id": "5450a8e0-40af-40b6-b374-d0d1a6d67e81"}
{"timestamp": "2025-08-16T20:52:13.620851", "api_method": "chat_completion", "status": 401, "latency_ms": 251, "user_id": 245, "request_id": "6cf727b0-ea71-41c5-9517-abc505b9d8b1"}
{"timestamp": "2025-11-22T20:52:13.620856", "api_method": "translate_text", "status": 500, "latency_ms": 237, "user_id": 100, "request_id": "3b37dc4a-83f8-4fb1-9916-61344ee87311"}
{"timestamp": "2025-07-17T20:52:13.620860", "api_method": "summarize_text", "status": 200, "latency_ms": 182, "user_id": 730, "request_id": "df9e5b61-56ae-4149-9097-011490f280de"}
{"timestamp": "2025-09-03T20:52:13.620865", "api_method": "summarize_text", "status": 201, "latency_ms": 255, "user_id": 929, "request_id": "b57230e6-5c6d-4b30-9e1a-4149553a10b7"}
{"timestamp": "2024-12-08T20:52:13.620870", "api_method": "chat_completion", "status": 200, "latency_ms": 109, "user_id": 976, "request_id": "6b45ee2d-7d9f-4a17-ba81-a97df22000e6"}
{"timestamp": "2024-12-30T20:52:13.620875", "api_method": "generate_embedding", "status": 200, "latency_ms": 150, "user_id": 1, "request_id": "b731a67f-a60a-47a8-b709-ca6b842bdb3e"}
{"timestamp": "2025-04-27T20:52:13.620880", "api_method": "chat_completion", "status": 400, "latency_ms": 222, "user_id": 561, "request_id": "13df01c6-c1b2-4dfc-b18b-d21c390ee370"}
{"timestamp": "2025-07-18T20:52:13.620885", "api_method": "generate_embedding", "status": 401, "latency_ms": 178, "user_id": 593, "request_id": "ea5dd0d9-27df-4686-a57f-28630e64827f"}
{"timestamp": "2025-05-10T20:52:13.620890", "api_method": "sentiment_analysis", "status": 200, "latency_ms": 179, "user_id": 15, "request_id": "8bd9c7ce-c52d-417c-8b8e-31bafe8dff1d"}
{"timestamp": "2025-01-12T20:52:13.620895", "api_method": "chat_completion", "status": 201, "latency_ms": 172, "user_id": 500, "request_id": "0b624204-4981-41d8-abc1-4f37921ee0d9"}
{"timestamp": "2025-09-17T20:52:13.620900", "api_method": "summarize_text", "status": 200, "latency_ms": 233, "user_id": 333, "request_id": "a6992982-0c8d-4b2a-8f7f-35cdc76e8a36"}
{"timestamp": "2025-11-30T20:52:13.620905", "api_method": "chat_completion", "status": 401, "latency_ms": 282, "user_id": 572, "request_id": "06d3afe8-d757-4aff-b2e9-248d418f1530"}
{"timestamp": "2025-07-11T20:52:13.620910", "api_method": "translate_text", "status": 400, "latency_ms": 247, "user_id": 372, "request_id": "0a9d7d51-ee61-4c2f-b149-1bd92989aa15"}
{"timestamp": "2025-07-11T20:52:13.620915", "api_method": "summarize_text", "status": 500, "latency_ms": 132, "user_id": 412, "request_id": "e68853e9-e7ce-4623-b892-d3a9051e780e"}
{"timestamp": "2024-12-02T20:52:13.620919", "api_method": "translate_text", "status": 200, "latency_ms": 224, "user_id": 319, "request_id": "4fc55c3b-41a2-4441-97d3-74ee7e6dff71"}
{"timestamp": "2025-06-01T20:52:13.620925", "api_method": "generate_embedding", "status": 200, "latency_ms": 160, "user_id": 36, "request_id": "03bbf11e-085b-4c9a-98a4-d477db0eb5d3"}
{"timestamp": "2025-02-05T20:52:13.620929", "api_method": "chat_completion", "status": 201, "latency_ms": 144, "user_id": 527, "request_id": "a7ca9596-199c-44a0-97a0-0ad77a93e79c"}
{"timestamp": "2025-09-07T20:52:13.620934", "api_method": "chat_completion", "status": 200, "latency_ms": 292, "user_id": 591, "request_id": "c2b8dc26-79fa-47e6-98be-01fc27dbdbea"}
{"timestamp": "2025-07-02T20:52:13.620939", "api_method": "chat_completion", "status": 400, "latency_ms": 263, "user_id": 529, "request_id": "8f07b971-392b-4797-9e77-d9ff17ac9ee7"}
{"timestamp": "2025-11-22T20:52:13.620944", "api_method": "chat_completion", "status": 400, "latency_ms": 122, "user_id": 490, "request_id": "de53520f-cf68-4672-a84e-5b8c52bdb84d"}
{"timestamp": "2025-08-19T20:52:13.620948", "api_method": "sentiment_analysis", "status": 200, "latency_ms": 248, "user_id": 506, "request_id": "aa3246d6-88b7-46f3-806b-08085a9c1012"}
{"timestamp": "2025-07-24T20:52:13.620953", "api_method": "chat_completion", "status": 200, "latency_ms": 102, "user_id": 863, "request_id": "efa94440-5306-4505-8d8e-daf257003d5c"}
{"timestamp": "2025-03-14T20:52:13.620958", "api_method": "generate_embedding", "status": 200, "latency_ms": 195, "user_id": 37, "request_id": "25482f5e-7725-48ba-943b-3599381fc4e6"}
{"timestamp": "2025-02-06T20:52:13.620963", "api_method": "generate_embedding", "status": 200, "latency_ms": 272, "user_id": 288, "request_id": "84179e2b-26de-446c-a03d-7ee9fee8f478"}
{"timestamp": "2025-11-20T20:52:13.620968", "api_method": "translate_text", "status": 200, "latency_ms": 239, "user_id": 660, "request_id": "ae448fa3-5453-439e-9a53-19026dc7165b"}
{"timestamp": "2025-11-16T20:52:13.620972", "api_method": "chat_completion", "status": 400, "latency_ms": 180, "user_id": 589, "request_id": "de3a6f3f-d940-47e4-8213-5cf2d23dcfdc"}
{"timestamp": "2025-10-18T20:52:13.620977", "api_method": "chat_completion", "status": 200, "latency_ms": 214, "user_id": 62, "request_id": "eee828e1-e896-43bb-92bf-d7fe9f66f38a"}
{"timestamp": "2025-03-30T20:52:13.620982", "api_method": "translate_text", "status": 500, "latency_ms": 302, "user_id": 748, "request_id": "c4d847ca-5286-410e-9baa-93c28f0ed761"}
{"timestamp": "2025-11-19T20:52:13.620987", "api_method": "translate_text", "status": 200, "latency_ms": 103, "user_id": 167, "request_id": "ec82b8b1-f4a9-4cb1-95aa-6e2b0e733b11"}
{"timestamp": "2024-12-02T20:52:13.620992", "api_method": "summarize_text", "status": 400, "latency_ms": 213, "user_id": 777, "request_id": "2cf025aa-d1fb-405d-b593-f1af5f09e8fe"}
{"timestamp": "2025-04-11T20:52:13.620997", "api_method": "translate_text", "status": 500, "latency_ms": 113, "user_id": 719, "request_id": "866cae8f-16b6-4492-99f5-2f8655919878"}
{"timestamp": "2025-10-10T20:52:13.621001", "api_method": "sentiment_analysis", "status": 200, "latency_ms": 162, "user_id": 230, "request_id": "0dc7d98d-52d3-4842-9376-ace1f981e1e8"}
{"timestamp": "2025-01-14T20:52:13.621007", "api_method": "translate_text", "status": 400, "latency_ms": 194, "user_id": 233, "request_id": "eaddef40-cc63-447b-ada5-5ef6e7fc40c9"}
{"timestamp": "2025-03-21T20:52:13.621011", "api_method": "generate_embedding", "status": 200, "latency_ms": 160, "user_id": 532, "request_id": "3a253f43-15ad-44d8-a0b5-652c53a77d44"}
{"timestamp": "2025-06-23T20:52:13.621061", "api_method": "sentiment_analysis", "status": 401, "latency_ms": 252, "user_id": 728, "request_id": "225766da-e457-49e0-84fa-7ce1e0e442bc"}
{"timestamp": "2025-07-09T20:52:13.621067", "api_method": "translate_text", "status": 500, "latency_ms": 148, "user_id": 761, "request_id": "88420bc1-3ba7-4423-9055-4a441123d417"}
{"timestamp": "2025-07-17T20:52:13.621072", "api_method": "chat_completion", "status": 201, "latency_ms": 178, "user_id": 97, "request_id": "0e13dc3c-315a-4638-8566-e6a5c0089b60"}
{"timestamp": "2025-03-01T20:52:13.621078", "api_method": "chat_completion", "status": 200, "latency_ms": 270, "user_id": 487, "request_id": "f192d0b4-cf28-460f-92e2-812ebde70a54"}
{"timestamp": "2025-03-21T20:52:13.621082", "api_method": "chat_completion", "status": 200, "latency_ms": 116, "user_id": 165, "request_id": "b1bf64c8-21e4-4495-99cb-7e33405cca99"}
{"timestamp": "2025-05-11T20:52:13.621087", "api_method": "chat_completion", "status": 200, "latency_ms": 116, "user_id": 145, "request_id": "1cb69183-c923-4e53-8b21-c68ed3e0bd6f"}
{"timestamp": "2025-05-11T20:52:13.621092", "api_method": "generate_embedding", "status": 200, "latency_ms": 136, "user_id": 733, "request_id": "1614f915-785e-481a-afc6-b23bfd3451a6"}
{"timestamp": "2025-10-29T20:52:13.621097", "api_method": "summarize_text", "status": 400, "latency_ms": 192, "user_id": 122, "request_id": "e4337aff-09db-4671-b93b-94d4c95634ac"}
{"timestamp": "2025-03-16T20:52:13.621102", "api_method": "chat_completion", "status": 401, "latency_ms": 227, "user_id": 360, "request_id": "3adc1473-a644-43d5-92c3-e0ca44548a5d"}
{"timestamp": "2025-05-30T20:52:13.621107", "api_method": "translate_text", "status": 200, "latency_ms": 178, "user_id": 198, "request_id": "8169b899-c9fe-403e-9810-3e80c6eb19f8"}
{"timestamp": "2025-11-27T20:52:13.621112", "api_method": "translate_text", "status": 201, "latency_ms": 154, "user_id": 709, "request_id": "6dd89c8b-47ef-434a-8059-feda60ece0d4"}
{"timestamp": "2025-08-18T20:52:13.621117", "api_method": "generate_embedding", "status": 201, "latency_ms": 161, "user_id": 894, "request_id": "c54cd5db-9c13-4e88-bbb7-27bae446bb65"}
{"timestamp": "2025-10-24T20:52:13.621122", "api_method": "generate_embedding", "status": 401, "latency_ms": 222, "user_id": 63, "request_id": "39a9d9f2-6165-4f10-9ad7-597586d10bb6"}
{"timestamp": "2024-12-10T20:52:13.621127", "api_method": "chat_completion", "status": 200, "latency_ms": 170, "user_id": 9, "request_id": "88a8ca0d-5bfb-4260-b9d1-66eb78d6e8e2"}
{"timestamp": "2025-08-08T20:52:13.621131", "api_method": "chat_completion", "status": 500, "latency_ms": 282, "user_id": 78, "request_id": "c90c6dfc-ded3-4883-ad6a-28af6274cfa4"}
{"timestamp": "2024-12-28T20:52:13.621136", "api_method": "translate_text", "status": 200, "latency_ms": 97, "user_id": 18, "request_id": "915f7d8a-d57a-479f-838e-273bd2a8f73a"}
{"timestamp": "2024-12-31T20:52:13.621141", "api_method": "translate_text", "status": 500, "latency_ms": 211, "user_id": 47, "request_id": "5e3141e9-ee9a-4952-a5b2-708ec09d20ce"}
{"timestamp": "2025-08-19T20:52:13.621146", "api_method": "chat_completion", "status": 201, "latency_ms": 260, "user_id": 803, "request_id": "e53c3c82-92fa-4443-a078-af17fba7b4a7"}
{"timestamp": "2025-07-22T20:52:13.621151", "api_method": "chat_completion", "status": 401, "latency_ms": 211, "user_id": 300, "request_id": "99aa7627-4588-4a14-a05c-8da10b9370d9"}
{"timestamp": "2025-09-24T20:52:13.621156", "api_method": "generate_embedding", "status": 201, "latency_ms": 145, "user_id": 675, "request_id": "dc565b14-70ff-4e60-81c0-3604f262f85e"}
{"timestamp": "2025-03-31T20:52:13.621161", "api_method": "sentiment_analysis", "status": 400, "latency_ms": 271, "user_id": 858, "request_id": "8398622f-7317-4617-925a-bd635b4f47bb"}
{"timestamp": "2025-04-26T20:52:13.621166", "api_method": "chat_completion", "status": 200, "latency_ms": 206, "user_id": 615, "request_id": "8f120b83-0243-4ede-936c-e03b7f25a447"}
{"timestamp": "2025-05-11T20:52:13.621171", "api_method": "sentiment_analysis", "status": 500, "latency_ms": 192, "user_id": 526, "request_id": "807098dc-f86b-4b9b-ae11-debeebf8cdfc"}
{"timestamp": "2025-08-23T20:52:13.621176", "api_method": "generate_embedding", "status": 201, "latency_ms": 142, "user_id": 178, "request_id": "e4f73c61-ba95-4d3e-adff-21c34e790143"}
{"timestamp": "2025-09-09T20:52:13.621180", "api_method": "sentiment_analysis", "status": 400, "latency_ms": 114, "user_id": 80, "request_id": "35f49661-a2e8-4f8a-8e1d-eb566f29d909"}
{"timestamp": "2025-01-30T20:52:13.621185", "api_method": "summarize_text", "status": 200, "latency_ms": 214, "user_id": 776, "request_id": "1c78baec-80d3-422d-bdc2-c0455e05757a"}
{"timestamp": "2025-08-06T20:52:13.621190", "api_method": "translate_text", "status": 400, "latency_ms": 216, "user_id": 859, "request_id": "137a9bae-1c44-4e68-9f52-53ab2e394b75"}
{"timestamp": "2025-05-21T20:52:13.621196", "api_method": "generate_embedding", "status": 201, "latency_ms": 86, "user_id": 906, "request_id": "ae23cc91-324c-4af9-b405-642690035b2b"}
{"timestamp": "2025-10-12T20:52:13.621201", "api_method": "chat_completion", "status": 200, "latency_ms": 233, "user_id": 242, "request_id": "82732877-9c3d-487b-992b-d210669835f1"}
{"timestamp": "2025-03-22T20:52:13.621206", "api_method": "translate_text", "status": 400, "latency_ms": 193, "user_id": 572, "request_id": "93b1fc44-f89d-432b-903c-1ff774f98d58"}
{"timestamp": "2025-11-27T20:52:13.621210", "api_method": "chat_completion", "status": 400, "latency_ms": 161, "user_id": 323, "request_id": "1655c3c4-0b2d-4e0a-8e0c-bf66cf6a0445"}
{"timestamp": "2025-08-15T20:52:13.621215", "api_method": "sentiment_analysis", "status": 201, "latency_ms": 248, "user_id": 598, "request_id": "703d384c-286a-4ec5-96b6-2011278a1a00"}
{"timestamp": "2025-10-20T20:52:13.621220", "api_method": "summarize_text", "status": 201, "latency_ms": 172, "user_id": 258, "request_id": "74b19331-742b-41ce-9f07-3dce1eb2536f"}
{"timestamp": "2025-04-19T20:52:13.621225", "api_method": "summarize_text", "status": 401, "latency_ms": 191, "user_id": 685, "request_id": "d8eba37d-8e8c-49b5-95e2-08bc32a88613"}
{"timestamp": "2025-08-08T20:52:13.621230", "api_method": "summarize_text", "status": 400, "latency_ms": 295, "user_id": 473, "request_id": "de87a3b1-cc20-4db4-aa83-5b2875a61ca6"}
{"timestamp": "2025-07-29T20:52:13.621234", "api_method": "summarize_text", "status": 200, "latency_ms": 175, "user_id": 856, "request_id": "ad7f9b36-ad12-4188-b8a4-b116a087da73"}
{"timestamp": "2025-11-17T20:52:13.621240", "api_method": "sentiment_analysis", "status": 500, "latency_ms": 280, "user_id": 772, "request_id": "7d782a7c-06b2-47f0-a509-924550152739"}
{"timestamp": "2025-11-08T20:52:13.621244", "api_method": "summarize_text", "status": 401, "latency_ms": 219, "user_id": 432, "request_id": "aabc4f2d-1956-4a23-87de-4384c6a44319"}
{"timestamp": "2025-07-28T20:52:13.621249", "api_method": "generate_embedding", "status": 200, "latency_ms": 198, "user_id": 373, "request_id": "fbe2a873-7968-46d4-8659-d903f882f1f2"}
{"timestamp": "2025-06-02T20:52:13.621254", "api_method": "translate_text", "status": 401, "latency_ms": 223, "user_id": 918, "request_id": "df2a7839-9b98-4f9b-889e-0153035c322e"}
{"timestamp": "2025-07-08T20:52:13.621259", "api_method": "sentiment_analysis", "status": 200, "latency_ms": 192, "user_id": 699, "request_id": "e6f70272-0c26-4047-b6ac-38327e6a38f5"}
{"timestamp": "2025-07-13T20:52:13.621264", "api_method": "translate_text", "status": 200, "latency_ms": 219, "user_id": 572, "request_id": "a44cd109-e496-46e9-b252-07d3feec90a3"}
{"timestamp": "2024-12-16T20:52:13.621268", "api_method": "generate_embedding", "status": 500, "latency_ms": 222, "user_id": 664, "request_id": "e832e943-25b4-4be2-8367-5ceb73c1ac4c"}
{"timestamp": "2025-05-14T20:52:13.621273", "api_method": "sentiment_analysis", "status": 200, "latency_ms": 229, "user_id": 665, "request_id": "5e718106-9cf1-4812-a0ea-c7dfc8f3316a"}
{"timestamp": "2025-05-03T20:52:13.621278", "api_method": "translate_text", "status": 201, "latency_ms": 116, "user_id": 159, "request_id": "5a47b295-369f-4f06-8c18-e1d0b95e6625"}
{"timestamp": "2024-12-13T20:52:13.621283", "api_method": "chat_completion", "status": 200, "latency_ms": 219, "user_id": 881, "request_id": "47cdae5a-6498-45e6-b397-734889d09fd2"}
{"timestamp": "2025-11-22T20:52:13.621296", "api_method": "summarize_text", "status": 200, "latency_ms": 175, "user_id": 138, "request_id": "89e8a3ef-6cd8-492c-9d04-fb91ccff04a5"}
{"timestamp": "2025-03-06T20:52:13.621302", "api_method": "chat_completion", "status": 200, "latency_ms": 245, "user_id": 374, "request_id": "9e4c3e68-241e-4bed-aa70-7ee76a4cccc7"}
{"timestamp": "2025-06-23T20:52:13.621307", "api_method": "sentiment_analysis", "status": 201, "latency_ms": 282, "user_id": 388, "request_id": "a2bba08a-7828-4480-8952-c5ec22fbe328"}
{"timestamp": "2025-06-20T20:52:13.621312", "api_method": "generate_embedding", "status": 200, "latency_ms": 243, "user_id": 753, "request_id": "9d0abaf9-142b-40ba-8751-4bb4cfd40c6d"}
{"timestamp": "2025-08-07T20:52:13.621317", "api_method": "chat_completion", "status": 500, "latency_ms": 210, "user_id": 897, "request_id": "5c18e3eb-6390-48f4-8049-abbcd30b1daa"}
{"timestamp": "2025-08-23T20:52:13.621322", "api_method": "translate_text", "status": 200, "latency_ms": 209, "user_id": 357, "request_id": "c61bf0ec-e35c-448b-b0c9-7e980dac6726"}
{"timestamp": "2025-03-17T20:52:13.621326", "api_method": "translate_text", "status": 401, "latency_ms": 243, "user_id": 910, "request_id": "5318e652-cdc9-47d0-a7a0-bbeb972c5395"}
{"timestamp": "2025-03-27T20:52:13.621331", "api_method": "chat_completion", "status": 200, "latency_ms": 259, "user_id": 56, "request_id": "53bec5f1-4b39-4ad9-ad6f-242851a75def"}
