{"timestamp": "2025-08-18T20:52:13.622818", "api_method": "chat_completion", "status": 400, "latency_ms": 268, "user_id": 296, "request_id": "9dab6b3e-293b-4fab-a1ed-0e96b946d225"}
{"timestamp": "2025-06-09T20:52:13.622825", "api_method": "summarize_text", "status": 201, "latency_ms": 183, "user_id": 291, "request_id": "f9d90327-bf0f-4911-a329-e1080e677162"}
{"timestamp": "2025-04-27T20:52:13.622830", "api_method": "chat_completion", "status": 401, "latency_ms": 172, "user_id": 836, "request_id": "cb0ac709-1344-4464-9cec-5c2b55ca48c0"}
{"timestamp": "2025-09-11T20:52:13.622835", "api_method": "summarize_text", "status": 200, "latency_ms": 148, "user_id": 594, "request_id": "23f3ac95-bad6-4d6b-9962-485e52f9b5eb"}
{"timestamp": "2025-06-28T20:52:13.622840", "api_method": "summarize_text", "status": 200, "latency_ms": 187, "user_id": 652, "request_id": "1f16c874-6a87-4ae0-a99e-a616f766266c"}
{"timestamp": "2025-04-26T20:52:13.622845", "api_method": "translate_text", "status": 500, "latency_ms": 273, "user_id": 945, "request_id": "05376ee9-15ee-4863-86f3-87ca08fcb507"}
{"timestamp": "2025-04-18T20:52:13.622849", "api_method": "chat_completion", "status": 200, "latency_ms": 304, "user_id": 864, "request_id": "6667df6e-48a4-4ed3-866b-6b149bf07e97"}
{"timestamp": "2025-06-27T20:52:13.622855", "api_method": "generate_embedding", "status": 200, "latency_ms": 262, "user_id": 972, "request_id": "df77458e-5f3b-4de2-925d-00bb984e18f8"}
{"timestamp": "2025-07-04T20:52:13.622859", "api_method": "summarize_text", "status": 200, "latency_ms": 284, "user_id": 861, "request_id": "19d19e17-f300-4b5d-b56d-f40fa76134d2"}
{"timestamp": "2025-04-17T20:52:13.622864", "api_method": "generate_embedding", "status": 200, "latency_ms": 306, "user_id": 255, "request_id": "55b6662c-c050-419d-9177-ff7cb3707073"}
{"timestamp": "2025-11-25T20:52:13.622869", "api_method": "summarize_text", "status": 201, "latency_ms": 190, "user_id": 747, "request_id": "89e32781-503b-4ccb-8318-9ac700a2e090"}
{"timestamp": "2025-08-12T20:52:13.622874", "api_method": "generate_embedding", "status": 200, "latency_ms": 198, "user_id": 440, "request_id": "6181c272-0965-4f99-b075-94bc4eafa055"}
{"timestamp": "2025-01-10T20:52:13.622879", "api_method": "sentiment_analysis", "status": 200, "latency_ms": 246, "user_id": 564, "request_id": "da948068-6149-4fa9-9708-e4d461721f8c"}
{"timestamp": "2025-10-28T20:52:13.622883", "api_method": "sentiment_analysis", "status": 200, "latency_ms": 240, "user_id": 455, "request_id": "43e9a200-77b1-490f-bcd7-b3a9d5da022e"}
{"timestamp": "2025-10-27T20:52:13.622888", "api_method": "translate_text", "status": 200, "latency_ms": 293, "user_id": 643, "request_id": "02bf6617-37f9-44fa-b943-6e490c2cf718"}
{"timestamp": "2025-06-16T20:52:13.622893", "api_method": "sentiment_analysis", "status": 400, "latency_ms": 250, "user_id": 675, "request_id": "1945c12b-61d6-4cec-888e-1791b98f67fc"}
{"timestamp": "2025-06-08T20:52:13.622898", "api_method": "chat_completion", "status": 200, "latency_ms": 229, "user_id": 875, "request_id": "f6aa2cf2-69e6-4d56-994e-273ff183e693"}
{"timestamp": "2025-03-08T20:52:13.622902", "api_method": "chat_completion", "status": 401, "latency_ms": 182, "user_id": 999, "request_id": "95293d22-043d-4090-82c2-f8ef1362fbfe"}
{"timestamp": "2025-06-02T20:52:13.622907", "api_method": "summarize_text", "status": 401, "latency_ms": 140, "user_id": 206, "request_id": "5df462f9-f371-40dd-b534-e67f695e3ba9"}
{"timestamp": "2025-04-10T20:52:13.622912", "api_method": "translate_text", "status": 400, "latency_ms": 143, "user_id": 558, "request_id": "0dbd477a-3163-4134-a1d0-ff68415f7c0f"}
{"timestamp": "2025-07-12T20:52:13.622917", "api_method": "translate_text", "status": 401, "latency_ms": 142, "user_id": 243, "request_id": "f2874dcd-b1db-4923-8a46-a332a7fcb825"}
{"timestamp": "2025-08-10T20:52:13.622921", "api_method": "chat_completion", "status": 200, "latency_ms": 164, "user_id": 922, "request_id": "9b7c5cea-7a11-4a3d-8afd-d99cc9a42d27"}
{"timestamp": "2025-04-25T20:52:13.622926", "api_method": "chat_completion", "status": 200, "latency_ms": 201, "user_id": 121, "request_id": "c9d0a982-feb5-4dd1-84b2-dcb2a309882b"}
{"timestamp": "2024-12-11T20:52:13.622931", "api_method": "chat_completion", "status": 200, "latency_ms": 147, "user_id": 94, "request_id": "6520cce6-c91e-44cb-a0a1-68cb39a8c0f1"}
{"timestamp": "2025-02-01T20:52:13.622936", "api_method": "translate_text", "status": 400, "latency_ms": 208, "user_id": 499, "request_id": "0ec3c622-4528-4983-85a8-1852647f59da"}
{"timestamp": "2025-09-21T20:52:13.622941", "api_method": "summarize_text", "status": 200, "latency_ms": 127, "user_id": 798, "request_id": "95556ee8-035b-4acb-81c7-2bb4c8a70719"}
{"timestamp": "2025-11-07T20:52:13.622945", "api_method": "summarize_text", "status": 201, "latency_ms": 225, "user_id": 671, "request_id": "45a94df2-3bf5-44af-b6d2-3562c8a44e1e"}
{"timestamp": "2025-10-12T20:52:13.622950", "api_method": "generate_embedding", "status": 200, "latency_ms": 136, "user_id": 235, "request_id": "f6f05506-2302-479e-8291-b201c0736eec"}
{"timestamp": "2025-11-04T20:52:13.622955", "api_method": "translate_text", "status": 401, "latency_ms": 226, "user_id": 686, "request_id": "cd10f6a1-0614-4b7e-a965-d1edc35a6878"}
{"timestamp": "2025-04-23T20:52:13.622960", "api_method": "sentiment_analysis", "status": 500, "latency_ms": 204, "user_id": 493, "request_id": "649bdb92-82e6-4393-99b6-7f31ae0db4b3"}
{"timestamp": "2025-04-28T20:52:13.622965", "api_method": "translate_text", "status": 200, "latency_ms": 238, "user_id": 29, "request_id": "e412b5a7-fa07-44c5-b1bc-6ba7bf3462d4"}
{"timestamp": "2024-12-13T20:52:13.622969", "api_method": "translate_text", "status": 200, "latency_ms": 176, "user_id": 654, "request_id": "9a2295c4-0172-44a2-b0ba-efb2351595bb"}
{"timestamp": "2025-11-21T20:52:13.622974", "api_method": "chat_completion", "status": 200, "latency_ms": 178, "user_id": 59, "request_id": "f41c52df-9587-4cba-b0a9-349b5179de66"}
{"timestamp": "2025-03-27T20:52:13.622979", "api_method": "chat_completion", "status": 201, "latency_ms": 173, "user_id": 984, "request_id": "81852e79-fee6-42df-bb53-cc33be1aef63"}
{"timestamp": "2025-06-09T20:52:13.622983", "api_method": "translate_text", "status": 200, "latency_ms": 249, "user_id": 49, "request_id": "16d8e128-2e05-469e-8774-66ea9dc2fa70"}
{"timestamp": "2025-08-10T20:52:13.622988", "api_method": "summarize_text", "status": 500, "latency_ms": 188, "user_id": 70, "request_id": "5afe7552-0273-45ce-b949-aa6ebc26884e"}
{"timestamp": "2025-09-28T20:52:13.622993", "api_method": "chat_completion", "status": 200, "latency_ms": 239, "user_id": 69, "request_id": "1fe060bb-a594-4df6-9cf8-6bc7024d65ae"}
{"timestamp": "2025-04-14T20:52:13.622998", "api_method": "chat_completion", "status": 200, "latency_ms": 174, "user_id": 284, "request_id": "05dc31dd-0deb-428b-934d-d2a563565284"}
{"timestamp": "2025-11-04T20:52:13.623002", "api_method": "sentiment_analysis", "status": 200, "latency_ms": 139, "user_id": 837, "request_id": "bc6ec237-0169-43d7-9e53-a47b7641fc3d"}
{"timestamp": "2025-01-23T20:52:13.623007", "api_method": "translate_text", "status": 200, "latency_ms": 319, "user_id": 786, "request_id": "fc3d2c60-f033-4a58-bd70-9e6060c5f511"}
{"timestamp": "2025-04-19T20:52:13.623012", "api_method": "chat_completion", "status": 201, "latency_ms": 216, "user_id": 968, "request_id": "77c9e296-8cfb-4cf1-afaa-d88ca90a1bda"}
{"timestamp": "2025-10-09T20:52:13.623017", "api_method": "sentiment_analysis", "status": 200, "latency_ms": 95, "user_id": 976, "request_id": "5ba547e5-9994-44c6-8d61-380332dfa683"}
{"timestamp": "2025-03-27T20:52:13.623022", "api_method": "summarize_text", "status": 200, "latency_ms": 187, "user_id": 610, "request_id": "0264b633-ffb3-4781-88d3-d18210f3c6dc"}
{"timestamp": "2025-06-29T20:52:13.623026", "api_method": "sentiment_analysis", "status": 500, "latency_ms": 224, "user_id": 478, "request_id": "9d52c527-3633-4191-bb24-4ba9c6e19efc"}
{"timestamp": "2025-03-15T20:52:13.623031", "api_method": "summarize_text", "status": 200, "latency_ms": 126, "user_id": 834, "request_id": "f86220c8-bf25-4bfa-876c-f8b6a6e8f6ce"}
{"timestamp": "2025-05-22T20:52:13.623036", "api_method": "sentiment_analysis", "status": 500, "latency_ms": 135, "user_id": 805, "request_id": "4044e25b-3837-46b1-9de5-3e68b5e839a0"}
{"timestamp": "2025-10-31T20:52:13.623079", "api_method": "chat_completion", "status": 200, "latency_ms": 78, "user_id": 714, "request_id": "2515a10a-3911-47e1-a7f3-8684a1a3a340"}
{"timestamp": "2025-07-29T20:52:13.623085", "api_method": "chat_completion", "status": 500, "latency_ms": 225, "user_id": 900, "request_id": "b493b238-e4eb-42f1-a350-7f7044dcd24f"}
{"timestamp": "2025-09-28T20:52:13.623090", "api_method": "generate_embedding", "status": 200, "latency_ms": 150, "user_id": 12, "request_id": "0c2ac9c9-9280-45d4-be24-80094c6c79e5"}
{"timestamp": "2025-05-15T20:52:13.623095", "api_method": "generate_embedding", "status": 200, "latency_ms": 249, "user_id": 979, "request_id": "3945f1bf-5310-4f1f-9fb8-846f202ecae6"}
{"timestamp": "2025-01-24T20:52:13.623099", "api_method": "sentiment_analysis", "status": 400, "latency_ms": 199, "user_id": 509, "request_id": "cbb05d62-b763-4b41-8c1a-cb1b635baa00"}
{"timestamp": "2025-04-09T20:52:13.623104", "api_method": "sentiment_analysis", "status": 500, "latency_ms": 240, "user_id": 682, "request_id": "5bf14855-10bf-46b1-9a3a-fa0481cdf43a"}
{"timestamp": "2025-09-28T20:52:13.623109", "api_method": "summarize_text", "status": 400, "latency_ms": 191, "user_id": 387, "request_id": "33bdbd49-ade2-47f5-ae5f-36c11694906c"}
{"timestamp": "2024-12-06T20:52:13.623114", "api_method": "generate_embedding", "status": 200, "latency_ms": 144, "user_id": 784, "request_id": "2517f8ec-32a5-4132-b42c-5bc60e02f8be"}
{"timestamp": "2025-05-30T20:52:13.623119", "api_method": "sentiment_analysis", "status": 200, "latency_ms": 202, "user_id": 390, "request_id": "7f64ebb8-323d-4596-87cd-a154c1398ba1"}
{"timestamp": "2025-11-30T20:52:13.623124", "api_method": "generate_embedding", "status": 201, "latency_ms": 106, "user_id": 329, "request_id": "c141360c-ad5b-4786-9b94-79b02c7520ae"}
{"timestamp": "2025-06-14T20:52:13.623128", "api_method": "chat_completion", "status": 201, "latency_ms": 225, "user_id": 586, "request_id": "002ccfaf-e733-46ff-8f9a-d8ac8504cd5e"}
{"timestamp": "2025-09-21T20:52:13.623133", "api_method": "sentiment_analysis", "status": 401, "latency_ms": 188, "user_id": 682, "request_id": "4aecb9d8-17a4-4935-9805-5bb137f97bea"}
{"timestamp": "2025-09-06T20:52:13.623138", "api_method": "translate_text", "status": 201, "latency_ms": 162, "user_id": 227, "request_id": "c070a204-6e8a-40e9-a760-e410419b8bcd"}
{"timestamp": "2025-11-07T20:52:13.623143", "api_method": "summarize_text", "status": 200, "latency_ms": 271, "user_id": 18, "request_id": "8c224037-5ba2-4aca-a27a-e0f4d4b12e6b"}
{"timestamp": "2024-12-03T20:52:13.623148", "api_method": "chat_completion", "status": 201, "latency_ms": 254, "user_id": 595, "request_id": "9d1ad86e-a62b-4195-b32e-3ffbefebdf74"}
{"timestamp": "2025-03-24T20:52:13.623152", "api_method": "translate_text", "status": 400, "latency_ms": 247, "user_id": 713, "request_id": "d7adade8-223d-4298-8e8c-b41af1e8abf9"}
{"timestamp": "2025-09-04T20:52:13.623157", "api_method": "generate_embedding", "status": 201, "latency_ms": 262, "user_id": 953, "request_id": "7a51db7b-7076-4e05-8f09-fa177dddb000"}
{"timestamp": "2025-06-05T20:52:13.623162", "api_method": "translate_text", "status": 200, "latency_ms": 134, "user_id": 708, "request_id": "fac0f6c3-3acb-493b-b882-4c3295b22824"}
{"timestamp": "2025-09-10T20:52:13.623167", "api_method": "translate_text", "status": 200, "latency_ms": 234, "user_id": 241, "request_id": "b3118f43-2e55-41bb-97fc-ae23cf675f32"}
{"timestamp": "2024-12-01T20:52:13.623171", "api_method": "sentiment_analysis", "status": 200, "latency_ms": 161, "user_id": 316, "request_id": "b189aa1a-7862-4597-b8c6-6b6788795479"}
{"timestamp": "2025-07-28T20:52:13.623176", "api_method": "generate_embedding", "status": 200, "latency_ms": 125, "user_id": 152, "request_id": "7cd70c54-30ef-46d0-8295-dbd9aa3d2f4d"}
{"timestamp": "2025-05-01T20:52:13.623181", "api_method": "translate_text", "status": 200, "latency_ms": 212, "user_id": 208, "request_id": "44b1ec26-575a-457d-a9df-3cafafea6ee6"}
{"timestamp": "2025-07-15T20:52:13.623185", "api_method": "summarize_text", "status": 400, "latency_ms": 253, "user_id": 735, "request_id": "40f34952-9292-4a0a-84bf-3cdd0cf723a4"}
{"timestamp": "2025-11-03T20:52:13.623191", "api_method": "summarize_text", "status": 201, "latency_ms": 184, "user_id": 349, "request_id": "161285ec-def5-4033-a204-fc0b2f88744b"}
{"timestamp": "2025-07-18T20:52:13.623196", "api_method": "translate_text", "status": 200, "latency_ms": 247, "user_id": 354, "request_id": "f4ec747e-e0b0-4d46-ba6f-6788d53945e7"}
{"timestamp": "2024-12-30T20:52:13.623202", "api_method": "summarize_text", "status": 201, "latency_ms": 165, "user_id": 20, "request_id": "2cda991b-45d3-421a-8bf1-afe4e7328e70"}
{"timestamp": "2025-03-08T20:52:13.623208", "api_method": "chat_completion", "status": 500, "latency_ms": 128, "user_id": 682, "request_id": "36f8e503-a135-4f9a-b2f1-09ed8da3bcdb"}
{"timestamp": "2025-06-22T20:52:13.623214", "api_method": "chat_completion", "status": 500, "latency_ms": 135, "user_id": 460, "request_id": "69a1ceee-5438-43e9-ab42-03f8292d401e"}
{"timestamp": "2024-12-08T20:52:13.623220", "api_method": "translate_text", "status": 200, "latency_ms": 119, "user_id": 818, "request_id": "5fea7b34-618a-443f-ab5e-92855da3d790"}
{"timestamp": "2025-04-29T20:52:13.623225", "api_method": "chat_completion", "status": 400, "latency_ms": 159, "user_id": 57, "request_id": "6f5f19ad-abdd-48db-9c68-65f411e2c687"}
{"timestamp": "2025-08-08T20:52:13.623230", "api_method": "sentiment_analysis", "status": 200, "latency_ms": 232, "user_id": 702, "request_id": "8f50cd3f-2cf4-4aac-a8f3-ff3c3f690971"}
{"timestamp": "2024-12-18T20:52:13.623235", "api_method": "generate_embedding", "status": 401, "latency_ms": 134, "user_id": 805, "request_id": "d329d0e2-5f11-424c-bb3e-ab21fbd61b84"}
{"timestamp": "2025-07-27T20:52:13.623241", "api_method": "chat_completion", "status": 201, "latency_ms": 232, "user_id": 259, "request_id": "4a5c72c2-3923-4c7b-a9b3-86cbcf4aa3bb"}
{"timestamp": "2025-10-18T20:52:13.623257", "api_method": "summarize_text", "status": 200, "latency_ms": 142, "user_id": 71, "request_id": "3d58a9dd-19b0-4012-9337-a588a9724743"}
{"timestamp": "2025-09-20T20:52:13.623323", "api_method": "summarize_text", "status": 200, "latency_ms": 204, "user_id": 748, "request_id": "daabb176-155e-4038-b550-8e3b45e357fd"}
{"timestamp": "2025-06-17T20:52:13.623339", "api_method": "summarize_text", "status": 200, "latency_ms": 134, "user_id": 229, "request_id": "fa4116dd-04ed-4f93-9004-4b9b823d272c"}
{"timestamp": "2024-12-22T20:52:13.623346", "api_method": "generate_embedding", "status": 400, "latency_ms": 146, "user_id": 822, "request_id": "8e92413a-3484-4f45-9b94-89646ac83f79"}
{"timestamp": "2025-03-08T20:52:13.623353", "api_method": "chat_completion", "status": 400, "latency_ms": 153, "user_id": 909, "request_id": "5948e9dc-f092-4d1f-a6c3-496496b59c5c"}
{"timestamp": "2025-11-30T20:52:13.623359", "api_method": "sentiment_analysis", "status": 200, "latency_ms": 216, "user_id": 115, "request_id": "c21cc401-1ab6-4cca-a2e8-d3a3f422c801"}
{"timestamp": "2025-07-18T20:52:13.623365", "api_method": "generate_embedding", "status": 201, "latency_ms": 146, "user_id": 224, "request_id": "8a64f93c-6b01-4f37-b2e2-8bfc4e58b679"}
{"timestamp": "2024-12-27T20:52:13.623371", "api_method": "chat_completion", "status": 200, "latency_ms": 249, "user_id": 968, "request_id": "85d91556-9310-433b-8c58-1c95a7b47b99"}
{"timestamp": "2024-11-30T20:52:13.623376", "api_method": "chat_completion", "status": 200, "latency_ms": 206, "user_id": 653, "request_id": "97dfd424-ec24-4d55-826a-711f69273b3d"}
{"timestamp": "2025-02-24T20:52:13.623382", "api_method": "generate_embedding", "status": 201, "latency_ms": 251, "user_id": 283, "request_id": "efb81a98-9572-4d9f-bb3d-b05a8b807f6d"}
{"timestamp": "2025-01-20T20:52:13.623387", "api_method": "summarize_text", "status": 400, "latency_ms": 239, "user_id": 852, "request_id": "1ed06f50-7339-4e4c-8518-37ef52570d18"}
{"timestamp": "2025-06-01T20:52:13.623392", "api_method": "chat_completion", "status": 200, "latency_ms": 183, "user_id": 534, "request_id": "33778f74-ab70-4b1e-be45-98511f8ce800"}
{"timestamp": "2025-10-23T20:52:13.623398", "api_method": "sentiment_analysis", "status": 400, "latency_ms": 222, "user_id": 599, "request_id": "ce2da4a5-c874-4b4b-8086-a8032ffb650f"}
{"timestamp": "2025-03-09T20:52:13.623420", "api_method": "sentiment_analysis", "status": 200, "latency_ms": 162, "user_id": 461, "request_id": "fb54b75d-19e2-49c0-9246-ce14aba7a664"}
{"timestamp": "2025-06-14T20:52:13.623428", "api_method": "chat_completion", "status": 200, "latency_ms": 132, "user_id": 560, "request_id": "5963ede2-16dd-4684-bfad-a11d98895c3e"}
{"timestamp": "2025-04-22T20:52:13.623434", "api_method": "sentiment_analysis", "status": 400, "latency_ms": 270, "user_id": 834, "request_id": "95a59912-3620-4033-a1fe-899c0a194b81"}
{"timestamp": "2025-02-13T20:52:13.623439", "api_method": "sentiment_analysis", "status": 401, "latency_ms": 191, "user_id": 329, "request_id": "bb75c2b2-028d-40b9-9093-03a810ce9c96"}
{"timestamp": "2025-11-24T20:52:13.623445", "api_method": "sentiment_analysis", "status": 200, "latency_ms": 243, "user_id": 18, "request_id": "5e07f976-6927-4184-9adb-b2c95bf58d70"}
{"timestamp": "2025-06-14T20:52:13.623450", "api_method": "translate_text", "status": 500, "latency_ms": 171, "user_id": 351, "request_id": "badfaab1-5eb1-43d6-b318-65fd74fcf582"}
{"timestamp": "2025-08-24T20:52:13.623455", "api_method": "generate_embedding", "status": 500, "latency_ms": 205, "user_id": 56, "request_id": "e25ef688-519e-4c1b-baef-57898d1b9502"}
{"timestamp": "2025-11-24T20:52:13.623461", "api_method": "generate_embedding", "status": 200, "latency_ms": 168, "user_id": 536, "request_id": "1a0cb3d3-63e8-4efd-b07c-5d08fa793760"}
