{"timestamp": "2025-05-04T20:52:13.621529", "api_method": "summarize_text", "status": 400, "latency_ms": 105, "user_id": 74, "request_id": "e66d0d30-97fb-4d78-b276-d2a2320c1572"}
{"timestamp": "2025-01-17T20:52:13.621538", "api_method": "summarize_text", "status": 201, "latency_ms": 274, "user_id": 962, "request_id": "6d494801-f5a6-4152-8770-28e5856803e7"}
{"timestamp": "2024-12-15T20:52:13.621544", "api_method": "summarize_text", "status": 200, "latency_ms": 220, "user_id": 691, "request_id": "2355f2c8-1494-4896-87c1-a387ce793550"}
{"timestamp": "2025-05-30T20:52:13.621550", "api_method": "translate_text", "status": 200, "latency_ms": 216, "user_id": 143, "request_id": "b47a429f-39f5-42a4-b2f7-4834b24d6347"}
{"timestamp": "2025-05-08T20:52:13.621557", "api_method": "generate_embedding", "status": 200, "latency_ms": 173, "user_id": 381, "request_id": "5cce5731-0851-434d-9679-9db6d16d320f"}
{"timestamp": "2025-01-13T20:52:13.621563", "api_method": "generate_embedding", "status": 401, "latency_ms": 238, "user_id": 868, "request_id": "bf8009d5-4642-42df-b9c0-03a3b62891b4"}
{"timestamp": "2025-09-04T20:52:13.621569", "api_method": "chat_completion", "status": 200, "latency_ms": 135, "user_id": 912, "request_id": "c27e44eb-8d85-4fae-9f10-1a2e7f9515f4"}
{"timestamp": "2025-03-17T20:52:13.621574", "api_method": "sentiment_analysis", "status": 500, "latency_ms": 191, "user_id": 937, "request_id": "fb2de526-fea0-42ae-846a-e9854fad4dba"}
{"timestamp": "2024-12-10T20:52:13.621579", "api_method": "generate_embedding", "status": 200, "latency_ms": 208, "user_id": 297, "request_id": "c80ab165-9408-4616-9cd1-6463b6542a11"}
{"timestamp": "2025-04-17T20:52:13.621584", "api_method": "summarize_text", "status": 201, "latency_ms": 206, "user_id": 462, "request_id": "85f85d6b-e5ae-4075-81c5-eb82d346dda7"}
{"timestamp": "2025-06-08T20:52:13.621589", "api_method": "summarize_text", "status": 400, "latency_ms": 296, "user_id": 178, "request_id": "9010a347-927f-4348-b8ae-02c88e53839b"}
{"timestamp": "2025-06-10T20:52:13.621593", "api_method": "chat_completion", "status": 401, "latency_ms": 99, "user_id": 602, "request_id": "165e458c-483f-4815-81ef-a43907bd0f39"}
{"timestamp": "2025-11-05T20:52:13.621598", "api_method": "chat_completion", "status": 401, "latency_ms": 187, "user_id": 7, "request_id": "caa0a2fc-be31-42e7-8a9e-504e603037f9"}
{"timestamp": "2025-03-12T20:52:13.621603", "api_method": "summarize_text", "status": 500, "latency_ms": 227, "user_id": 555, "request_id": "17468afc-ffa5-4f5f-aef5-096154577c79"}
{"timestamp": "2025-04-16T20:52:13.621608", "api_method": "chat_completion", "status": 401, "latency_ms": 273, "user_id": 779, "request_id": "5447a997-8fcf-490d-be35-f3d9329a77c0"}
{"timestamp": "2025-09-18T20:52:13.621613", "api_method": "translate_text", "status": 200, "latency_ms": 173, "user_id": 532, "request_id": "2efd30ed-faa3-45db-bc2c-4c3acb8202ca"}
{"timestamp": "2025-01-15T20:52:13.621617", "api_method": "generate_embedding", "status": 200, "latency_ms": 196, "user_id": 780, "request_id": "fb7ef912-4cec-444f-b815-cd784a6e2f02"}
{"timestamp": "2024-12-01T20:52:13.621622", "api_method": "chat_completion", "status": 201, "latency_ms": 287, "user_id": 131, "request_id": "92e42ec3-edee-4588-8d76-205b67da285f"}
{"timestamp": "2025-10-13T20:52:13.621627", "api_method": "sentiment_analysis", "status": 200, "latency_ms": 278, "user_id": 843, "request_id": "79cc88f0-4311-40c0-899b-492c2d43de49"}
{"timestamp": "2025-04-06T20:52:13.621632", "api_method": "generate_embedding", "status": 200, "latency_ms": 224, "user_id": 48, "request_id": "f103c4e2-c633-4d4f-a739-25f0dd42af6d"}
{"timestamp": "2025-01-17T20:52:13.621637", "api_method": "generate_embedding", "status": 201, "latency_ms": 225, "user_id": 582, "request_id": "05d48a1b-71c6-417b-9136-824f7cb731c5"}
{"timestamp": "2024-12-24T20:52:13.621642", "api_method": "generate_embedding", "status": 500, "latency_ms": 183, "user_id": 842, "request_id": "8bb62795-dcc9-4854-ae43-5153e08f28a2"}
{"timestamp": "2025-11-11T20:52:13.621646", "api_method": "sentiment_analysis", "status": 200, "latency_ms": 207, "user_id": 8, "request_id": "0a7fcd34-c4eb-44a3-9d64-50d19c80319b"}
{"timestamp": "2025-05-25T20:52:13.621651", "api_method": "summarize_text", "status": 400, "latency_ms": 246, "user_id": 903, "request_id": "ea349c74-4f28-4d9e-8039-35105d99c627"}
{"timestamp": "2025-05-09T20:52:13.621656", "api_method": "chat_completion", "status": 201, "latency_ms": 217, "user_id": 178, "request_id": "dfa32f70-d63b-4cfb-a013-944a97416576"}
{"timestamp": "2025-01-26T20:52:13.621661", "api_method": "generate_embedding", "status": 500, "latency_ms": 171, "user_id": 703, "request_id": "1b43b4eb-2fa0-461f-9bcd-711fbd82d219"}
{"timestamp": "2025-07-07T20:52:13.621666", "api_method": "summarize_text", "status": 201, "latency_ms": 149, "user_id": 122, "request_id": "929d3a8f-a37d-4ccd-82ed-ab46006f3b97"}
{"timestamp": "2025-09-18T20:52:13.621670", "api_method": "chat_completion", "status": 401, "latency_ms": 194, "user_id": 56, "request_id": "0c8100bb-529f-4944-a5ff-6b66acf9e4a3"}
{"timestamp": "2025-06-08T20:52:13.621675", "api_method": "chat_completion", "status": 500, "latency_ms": 211, "user_id": 278, "request_id": "74cd7ccb-6256-4459-a624-2b294c3867af"}
{"timestamp": "2025-10-17T20:52:13.621680", "api_method": "generate_embedding", "status": 200, "latency_ms": 177, "user_id": 429, "request_id": "45b83fa3-eb5d-446e-bd0a-4aed87ee5cd4"}
{"timestamp": "2024-11-30T20:52:13.621685", "api_method": "generate_embedding", "status": 500, "latency_ms": 177, "user_id": 419, "request_id": "97e20a3f-883f-4249-ab48-356a5eed95f4"}
{"timestamp": "2025-11-24T20:52:13.621689", "api_method": "generate_embedding", "status": 400, "latency_ms": 268, "user_id": 559, "request_id": "75421129-c014-4675-ae58-b422bd7128c7"}
{"timestamp": "2024-12-17T20:52:13.621694", "api_method": "generate_embedding", "status": 400, "latency_ms": 180, "user_id": 938, "request_id": "7dbb428a-7f1c-4946-80fe-219703514322"}
{"timestamp": "2025-07-10T20:52:13.621699", "api_method": "translate_text", "status": 200, "latency_ms": 239, "user_id": 917, "request_id": "ee1939f0-daf3-4b1a-95b1-183a9f3afa78"}
{"timestamp": "2025-03-09T20:52:13.621704", "api_method": "generate_embedding", "status": 400, "latency_ms": 189, "user_id": 83, "request_id": "02907db8-b9a9-42e3-8ce4-ca6232e26951"}
{"timestamp": "2025-04-17T20:52:13.621709", "api_method": "summarize_text", "status": 400, "latency_ms": 139, "user_id": 717, "request_id": "a48df877-55e6-4617-89f4-f24c3c2f7385"}
{"timestamp": "2025-01-30T20:52:13.621714", "api_method": "chat_completion", "status": 401, "latency_ms": 168, "user_id": 493, "request_id": "7c8ebc46-32af-4776-a7e1-57cdfb5016ba"}
{"timestamp": "2025-11-29T20:52:13.621718", "api_method": "generate_embedding", "status": 401, "latency_ms": 204, "user_id": 399, "request_id": "75016196-d754-4526-902b-116a55d51bb4"}
{"timestamp": "2025-11-25T20:52:13.621723", "api_method": "generate_embedding", "status": 401, "latency_ms": 244, "user_id": 870, "request_id": "d947791b-4ad8-472a-a68a-3c2cd25d9f16"}
{"timestamp": "2025-04-03T20:52:13.621728", "api_method": "chat_completion", "status": 200, "latency_ms": 243, "user_id": 719, "request_id": "ff8f1d4e-83e3-4b51-b752-7ce00882cd0f"}
{"timestamp": "2025-06-05T20:52:13.621733", "api_method": "summarize_text", "status": 200, "latency_ms": 254, "user_id": 792, "request_id": "71f23382-4e28-4ff0-bd25-106297b9ef51"}
{"timestamp": "2025-11-20T20:52:13.621738", "api_method": "sentiment_analysis", "status": 400, "latency_ms": 228, "user_id": 847, "request_id": "ed21fc17-b9e7-4d63-81b0-0d0eadc2f917"}
{"timestamp": "2025-09-08T20:52:13.621742", "api_method": "sentiment_analysis", "status": 200, "latency_ms": 112, "user_id": 615, "request_id": "fc06cb2e-96de-42e3-92e6-39d1968eaf5b"}
{"timestamp": "2025-01-04T20:52:13.621747", "api_method": "generate_embedding", "status": 400, "latency_ms": 177, "user_id": 105, "request_id": "9b31b97d-1508-47f3-85f2-ab83c1fbedce"}
{"timestamp": "2025-04-22T20:52:13.621752", "api_method": "summarize_text", "status": 401, "latency_ms": 276, "user_id": 958, "request_id": "cc237248-0a0b-4637-86a8-a7eabe9328f4"}
{"timestamp": "2025-09-17T20:52:13.621757", "api_method": "chat_completion", "status": 200, "latency_ms": 168, "user_id": 250, "request_id": "86dc5f72-ed19-4679-ab25-04449a2d65cc"}
{"timestamp": "2025-06-18T20:52:13.621800", "api_method": "translate_text", "status": 400, "latency_ms": 177, "user_id": 795, "request_id": "b4b4c0ce-da58-43ba-b749-bf4e66f2d09b"}
{"timestamp": "2025-08-19T20:52:13.621807", "api_method": "translate_text", "status": 200, "latency_ms": 182, "user_id": 694, "request_id": "a22dd5ad-a89e-4ee2-b510-c1730a304a18"}
{"timestamp": "2025-01-12T20:52:13.621812", "api_method": "generate_embedding", "status": 400, "latency_ms": 202, "user_id": 286, "request_id": "5bd058fa-25db-4204-94b8-c3b643b46af8"}
{"timestamp": "2025-10-31T20:52:13.621817", "api_method": "chat_completion", "status": 500, "latency_ms": 200, "user_id": 281, "request_id": "a40a377a-7760-41d8-a0e0-8686a9fc5cf0"}
{"timestamp": "2025-02-02T20:52:13.621822", "api_method": "summarize_text", "status": 400, "latency_ms": 209, "user_id": 986, "request_id": "b51cc070-44db-426f-8786-3fb5513d54b4"}
{"timestamp": "2025-04-23T20:52:13.621827", "api_method": "chat_completion", "status": 400, "latency_ms": 187, "user_id": 664, "request_id": "5e5a8762-e5af-41cd-9b3d-eb3e546e473a"}
{"timestamp": "2025-10-13T20:52:13.621832", "api_method": "sentiment_analysis", "status": 401, "latency_ms": 174, "user_id": 182, "request_id": "d150a8f4-13db-424b-bc1a-3e3376b1b139"}
{"timestamp": "2025-02-06T20:52:13.621837", "api_method": "sentiment_analysis", "status": 200, "latency_ms": 217, "user_id": 510, "request_id": "7bc79ca6-d8f0-4631-914d-46fcdd4ccaaf"}
{"timestamp": "2025-01-28T20:52:13.621842", "api_method": "generate_embedding", "status": 200, "latency_ms": 178, "user_id": 910, "request_id": "c799846f-32d4-41c5-922c-ca0f2a0c8dce"}
{"timestamp": "2025-02-21T20:52:13.621847", "api_method": "generate_embedding", "status": 201, "latency_ms": 257, "user_id": 719, "request_id": "3b9456be-c596-441b-9825-9e7ec95f705d"}
{"timestamp": "2025-09-22T20:52:13.621851", "api_method": "summarize_text", "status": 200, "latency_ms": 214, "user_id": 477, "request_id": "36e355e5-b97a-4db2-afa2-5286270917f9"}
{"timestamp": "2025-06-26T20:52:13.621856", "api_method": "generate_embedding", "status": 200, "latency_ms": 135, "user_id": 556, "request_id": "e1e55c61-b048-4bac-bacf-12b166b8a454"}
{"timestamp": "2025-07-01T20:52:13.621861", "api_method": "summarize_text", "status": 200, "latency_ms": 152, "user_id": 398, "request_id": "a0c5f06c-51e6-44da-8b4e-195df7168f6d"}
{"timestamp": "2025-11-20T20:52:13.621866", "api_method": "generate_embedding", "status": 200, "latency_ms": 228, "user_id": 937, "request_id": "eacbd606-9016-4285-a020-d1f6a71933b5"}
{"timestamp": "2025-06-21T20:52:13.621870", "api_method": "summarize_text", "status": 200, "latency_ms": 135, "user_id": 71, "request_id": "2e0682fe-86d1-4de1-bd3a-6653e0804a0a"}
{"timestamp": "2024-12-09T20:52:13.621876", "api_method": "chat_completion", "status": 200, "latency_ms": 191, "user_id": 732, "request_id": "1ffb5ee5-f180-4e0e-8301-e13a499fd770"}
{"timestamp": "2025-11-23T20:52:13.621880", "api_method": "sentiment_analysis", "status": 400, "latency_ms": 211, "user_id": 134, "request_id": "aa9adda6-c6dc-4666-a860-ee614190e25e"}
{"timestamp": "2025-05-26T20:52:13.621885", "api_method": "summarize_text", "status": 200, "latency_ms": 227, "user_id": 934, "request_id": "579cb533-98ad-43e7-b864-a3d4346e1ae8"}
{"timestamp": "2025-09-19T20:52:13.621890", "api_method": "translate_text", "status": 200, "latency_ms": 217, "user_id": 608, "request_id": "44b8ec27-d771-416e-9437-3ae05550113b"}
{"timestamp": "2025-01-28T20:52:13.621895", "api_method": "translate_text", "status": 401, "latency_ms": 229, "user_id": 287, "request_id": "8c2078f9-1a5b-41d2-be3f-8634651bbd73"}
{"timestamp": "2025-04-26T20:52:13.621900", "api_method": "summarize_text", "status": 400, "latency_ms": 128, "user_id": 106, "request_id": "38a235d0-922b-4512-a1cc-7a59ff70a016"}
{"timestamp": "2025-11-17T20:52:13.621904", "api_method": "summarize_text", "status": 500, "latency_ms": 197, "user_id": 434, "request_id": "508d43b7-7611-483b-b581-de04c8283eb1"}
{"timestamp": "2025-06-30T20:52:13.621909", "api_method": "sentiment_analysis", "status": 200, "latency_ms": 271, "user_id": 540, "request_id": "98fc3575-87f0-4e03-b204-8de3a7e483a2"}
{"timestamp": "2025-04-06T20:52:13.621914", "api_method": "generate_embedding", "status": 401, "latency_ms": 203, "user_id": 991, "request_id": "190819c5-1150-48be-b312-4e9bbe440887"}
{"timestamp": "2025-02-02T20:52:13.621919", "api_method": "sentiment_analysis", "status": 200, "latency_ms": 191, "user_id": 644, "request_id": "8d4b6722-305f-4c05-93ff-74e70a7ba491"}
{"timestamp": "2025-03-18T20:52:13.621924", "api_method": "translate_text", "status": 200, "latency_ms": 121, "user_id": 660, "request_id": "9db7f437-8d0e-4c81-a954-776994829f36"}
{"timestamp": "2025-10-15T20:52:13.621928", "api_method": "sentiment_analysis", "status": 200, "latency_ms": 240, "user_id": 291, "request_id": "bb7bdaee-7921-4cb3-a0bb-efbfa3203fe0"}
{"timestamp": "2025-11-08T20:52:13.621934", "api_method": "generate_embedding", "status": 201, "latency_ms": 226, "user_id": 720, "request_id": "f8f6da0b-57a6-4410-88f6-3f6cd2c7a4e7"}
{"timestamp": "2025-03-11T20:52:13.621938", "api_method": "summarize_text", "status": 400, "latency_ms": 166, "user_id": 66, "request_id": "169d653b-8beb-44b1-aac2-f2dbd553ab7c"}
{"timestamp": "2025-02-14T20:52:13.621943", "api_method": "chat_completion", "status": 401, "latency_ms": 278, "user_id": 877, "request_id": "6e5f6583-4eb8-4df8-b80c-64d4e64b9716"}
{"timestamp": "2025-10-16T20:52:13.621947", "api_method": "generate_embedding", "status": 200, "latency_ms": 224, "user_id": 75, "request_id": "b6152666-297c-4b7e-bf7a-bd27135ac22b"}
{"timestamp": "2025-07-31T20:52:13.621952", "api_method": "summarize_text", "status": 200, "latency_ms": 176, "user_id": 852, "request_id": "cf0ba110-7557-405b-af74-32d80771059e"}
{"timestamp": "2025-04-29T20:52:13.621957", "api_method": "generate_embedding", "status": 401, "latency_ms": 169, "user_id": 690, "request_id": "b9c1337b-2c43-49cd-a8c4-40732dd78a64"}
{"timestamp": "2025-06-03T20:52:13.621961", "api_method": "chat_completion", "status": 500, "latency_ms": 294, "user_id": 510, "request_id": "f5709619-ce4f-474e-a105-aa2466901643"}
{"timestamp": "2025-01-13T20:52:13.621966", "api_method": "sentiment_analysis", "status": 401, "latency_ms": 210, "user_id": 591, "request_id": "e9012a0e-e048-4ea1-952e-9ce166875a40"}
{"timestamp": "2025-06-11T20:52:13.621971", "api_method": "summarize_text", "status": 500, "latency_ms": 235, "user_id": 951, "request_id": "bbb27a40-212f-44aa-912d-8d16b431fa07"}
{"timestamp": "2025-09-01T20:52:13.621976", "api_method": "summarize_text", "status": 400, "latency_ms": 137, "user_id": 59, "request_id": "3ec754cb-4a50-4c12-b2df-e9f2c67aba99"}
{"timestamp": "2025-05-21T20:52:13.621980", "api_method": "sentiment_analysis", "status": 200, "latency_ms": 167, "user_id": 103, "request_id": "63333273-d76a-43b9-b923-4f083f5d2cbf"}
{"timestamp": "2025-07-20T20:52:13.621985", "api_method": "sentiment_analysis", "status": 500, "latency_ms": 240, "user_id": 687, "request_id": "8184351e-b2b5-4acc-9942-4710799910f6"}
{"timestamp": "2025-04-08T20:52:13.621990", "api_method": "translate_text", "status": 200, "latency_ms": 99, "user_id": 163, "request_id": "13b6ff30-a11b-4133-8e0e-1ecdfa38262d"}
{"timestamp": "2025-05-27T20:52:13.621995", "api_method": "generate_embedding", "status": 400, "latency_ms": 191, "user_id": 580, "request_id": "13fe36de-dbd9-43f0-8267-948cbfa517d5"}
{"timestamp": "2025-02-13T20:52:13.621999", "api_method": "translate_text", "status": 400, "latency_ms": 158, "user_id": 949, "request_id": "d2afbb00-b743-4746-a14b-f784004f10dc"}
{"timestamp": "2025-01-19T20:52:13.622004", "api_method": "chat_completion", "status": 200, "latency_ms": 252, "user_id": 336, "request_id": "f892806f-6902-421c-9808-c85e6a1faff4"}
{"timestamp": "2025-03-05T20:52:13.622009", "api_method": "translate_text", "status": 201, "latency_ms": 138, "user_id": 864, "request_id": "c97eef7b-1a71-415e-9afd-38451e3ca577"}
{"timestamp": "2025-11-21T20:52:13.622013", "api_method": "sentiment_analysis", "status": 401, "latency_ms": 217, "user_id": 277, "request_id": "09f7d6b2-87fb-4556-bd84-edd96ea6c6d7"}
{"timestamp": "2025-04-27T20:52:13.622018", "api_method": "chat_completion", "status": 201, "latency_ms": 194, "user_id": 752, "request_id": "b35e1180-c003-425c-ab71-87be058af9b9"}
{"timestamp": "2025-03-09T20:52:13.622031", "api_method": "summarize_text", "status": 500, "latency_ms": 168, "user_id": 95, "request_id": "4cb08954-a863-4688-92d8-c3c244daa970"}
{"timestamp": "2025-02-23T20:52:13.622037", "api_method": "generate_embedding", "status": 200, "latency_ms": 191, "user_id": 747, "request_id": "94b81475-4c7a-41ce-8777-bea1df86bc48"}
{"timestamp": "2025-06-09T20:52:13.622042", "api_method": "sentiment_analysis", "status": 500, "latency_ms": 241, "user_id": 350, "request_id": "63c7c28d-c470-452b-9de0-9f9f4789abc3"}
{"timestamp": "2025-03-21T20:52:13.622046", "api_method": "sentiment_analysis", "status": 400, "latency_ms": 190, "user_id": 736, "request_id": "9671940c-e25a-4a35-9c36-36457f0a6560"}
{"timestamp": "2025-11-19T20:52:13.622051", "api_method": "summarize_text", "status": 200, "latency_ms": 99, "user_id": 125, "request_id": "1f87cf28-181d-45f4-b578-b18e9b9d6453"}
{"timestamp": "2025-08-23T20:52:13.622056", "api_method": "summarize_text", "status": 200, "latency_ms": 246, "user_id": 398, "request_id": "75eae22e-b2a1-4146-b733-240cb2d992a5"}
{"timestamp": "2025-11-15T20:52:13.622061", "api_method": "sentiment_analysis", "status": 401, "latency_ms": 195, "user_id": 454, "request_id": "dac5bf63-ee85-45e6-a365-60d6710de4ef"}
{"timestamp": "2024-12-11T20:52:13.622065", "api_method": "translate_text", "status": 201, "latency_ms": 251, "user_id": 977, "request_id": "7156641f-0c7a-4cb3-8351-3130fa845890"}
