{"timestamp": "2025-02-14T20:52:13.620019", "api_method": "summarize_text", "status": 400, "latency_ms": 194, "user_id": 226, "request_id": "bb3a6d25-0e24-4ea8-aab4-062459a5545d"}
{"timestamp": "2025-10-21T20:52:13.620058", "api_method": "generate_embedding", "status": 200, "latency_ms": 212, "user_id": 564, "request_id": "375438ea-e5b3-4cac-93ca-41252ca9f0b4"}
{"timestamp": "2025-04-07T20:52:13.620073", "api_method": "sentiment_analysis", "status": 500, "latency_ms": 197, "user_id": 387, "request_id": "704fbcf7-6199-478f-83ef-605ac4c3029f"}
{"timestamp": "2024-12-27T20:52:13.620083", "api_method": "generate_embedding", "status": 401, "latency_ms": 265, "user_id": 997, "request_id": "4742c22c-5c0b-4f58-9376-47d11bba92b2"}
{"timestamp": "2025-04-20T20:52:13.620089", "api_method": "translate_text", "status": 200, "latency_ms": 194, "user_id": 579, "request_id": "80f14795-c11c-480b-8347-a090bd81c0f0"}
{"timestamp": "2025-01-21T20:52:13.620097", "api_method": "translate_text", "status": 400, "latency_ms": 253, "user_id": 841, "request_id": "5e3070c7-1e46-4e57-a4e6-96727b333258"}
{"timestamp": "2024-12-26T20:52:13.620102", "api_method": "summarize_text", "status": 400, "latency_ms": 154, "user_id": 338, "request_id": "e2d614fe-1dfa-4538-a60a-42153bce5454"}
{"timestamp": "2025-03-11T20:52:13.620108", "api_method": "sentiment_analysis", "status": 200, "latency_ms": 219, "user_id": 379, "request_id": "7e65de17-59fd-4d54-8fa0-407df872e5ed"}
{"timestamp": "2025-05-30T20:52:13.620113", "api_method": "generate_embedding", "status": 500, "latency_ms": 302, "user_id": 353, "request_id": "7b7ff047-d351-4747-ab7b-4ea4167359bc"}
{"timestamp": "2024-12-21T20:52:13.620119", "api_method": "sentiment_analysis", "status": 500, "latency_ms": 255, "user_id": 737, "request_id": "5ca1d79a-d3e6-4db8-bc39-12690d4f84dd"}
{"timestamp": "2025-09-18T20:52:13.620124", "api_method": "summarize_text", "status": 200, "latency_ms": 172, "user_id": 822, "request_id": "70b45be2-7b2a-45e1-b731-95e69462d72c"}
{"timestamp": "2025-01-03T20:52:13.620129", "api_method": "sentiment_analysis", "status": 500, "latency_ms": 297, "user_id": 33, "request_id": "37173561-2106-4f63-9566-53bb03be7c55"}
{"timestamp": "2024-11-30T20:52:13.620134", "api_method": "chat_completion", "status": 400, "latency_ms": 92, "user_id": 645, "request_id": "485698c5-a826-45d3-b91c-bd337e34562c"}
{"timestamp": "2025-09-11T20:52:13.620140", "api_method": "summarize_text", "status": 200, "latency_ms": 171, "user_id": 863, "request_id": "d0f6131d-7214-4091-8eed-5648cd975229"}
{"timestamp": "2025-03-19T20:52:13.620144", "api_method": "chat_completion", "status": 200, "latency_ms": 167, "user_id": 284, "request_id": "01f6ff26-b357-4c18-9da7-d7066f3319dc"}
{"timestamp": "2025-08-22T20:52:13.620150", "api_method": "sentiment_analysis", "status": 200, "latency_ms": 282, "user_id": 329, "request_id": "bf8af22b-d83c-4a15-b969-33e1c54ad7ac"}
{"timestamp": "2025-07-31T20:52:13.620155", "api_method": "chat_completion", "status": 200, "latency_ms": 175, "user_id": 730, "request_id": "de75d6fc-dc69-418e-9306-694e4fad4127"}
{"timestamp": "2024-12-10T20:52:13.620160", "api_method": "sentiment_analysis", "status": 200, "latency_ms": 147, "user_id": 430, "request_id": "e7b0d8dd-bce2-444c-a69d-df34533ffe81"}
{"timestamp": "2025-03-10T20:52:13.620165", "api_method": "generate_embedding", "status": 200, "latency_ms": 195, "user_id": 732, "request_id": "28673b58-580d-416e-aff3-f7bc670bb982"}
{"timestamp": "2025-05-08T20:52:13.620170", "api_method": "summarize_text", "status": 201, "latency_ms": 160, "user_id": 700, "request_id": "0b37cb8c-f1b5-4e71-a5b1-b456800d96fa"}
{"timestamp": "2025-06-27T20:52:13.620175", "api_method": "chat_completion", "status": 200, "latency_ms": 179, "user_id": 769, "request_id": "cb72a1ff-3701-4504-8a5f-557c4f7ab82c"}
{"timestamp": "2025-03-11T20:52:13.620180", "api_method": "translate_text", "status": 400, "latency_ms": 115, "user_id": 733, "request_id": "87659597-e535-441c-9eae-eb0ac33a9a6b"}
{"timestamp": "2025-02-28T20:52:13.620185", "api_method": "translate_text", "status": 200, "latency_ms": 231, "user_id": 545, "request_id": "af78d9d3-1e17-40b3-b664-692323cd2a68"}
{"timestamp": "2025-09-23T20:52:13.620190", "api_method": "generate_embedding", "status": 200, "latency_ms": 107, "user_id": 137, "request_id": "e82ef409-4663-41fe-b2b6-737cc6de91c6"}
{"timestamp": "2025-01-13T20:52:13.620195", "api_method": "translate_text", "status": 200, "latency_ms": 140, "user_id": 398, "request_id": "fceef0a2-b332-40a3-b1df-d983c8dacfd1"}
{"timestamp": "2025-01-06T20:52:13.620200", "api_method": "translate_text", "status": 400, "latency_ms": 173, "user_id": 615, "request_id": "9aeaaa29-a717-4e99-a81d-41224c3a43db"}
{"timestamp": "2025-04-27T20:52:13.620205", "api_method": "chat_completion", "status": 400, "latency_ms": 181, "user_id": 273, "request_id": "b0ac655e-029e-4e8e-af55-4e9fc2d2f80b"}
{"timestamp": "2025-05-04T20:52:13.620210", "api_method": "generate_embedding", "status": 401, "latency_ms": 175, "user_id": 817, "request_id": "4fe5bef8-2bb0-4a68-ac03-b7a68ffbe26a"}
{"timestamp": "2025-09-07T20:52:13.620215", "api_method": "translate_text", "status": 201, "latency_ms": 76, "user_id": 446, "request_id": "5b5c6a93-bec3-4ec5-b5c2-8eb6470d010c"}
{"timestamp": "2025-08-10T20:52:13.620220", "api_method": "sentiment_analysis", "status": 200, "latency_ms": 264, "user_id": 437, "request_id": "f2de7dc4-3fcc-4f6a-abcf-99db0c178a88"}
{"timestamp": "2025-07-21T20:52:13.620225", "api_method": "generate_embedding", "status": 201, "latency_ms": 314, "user_id": 589, "request_id": "49a3217e-7ed6-4480-b2e8-84c4407c7aeb"}
{"timestamp": "2025-08-17T20:52:13.620231", "api_method": "chat_completion", "status": 400, "latency_ms": 138, "user_id": 46, "request_id": "6691965b-5280-4f95-a9ef-55d00d530d17"}
{"timestamp": "2025-11-04T20:52:13.620236", "api_method": "sentiment_analysis", "status": 200, "latency_ms": 219, "user_id": 254, "request_id": "3541bd6b-30f6-4212-b155-9585d279d497"}
{"timestamp": "2025-08-01T20:52:13.620241", "api_method": "sentiment_analysis", "status": 201, "latency_ms": 211, "user_id": 330, "request_id": "c37ef3b3-8c94-409b-97d9-d30dd5b877d8"}
{"timestamp": "2025-03-30T20:52:13.620246", "api_method": "summarize_text", "status": 201, "latency_ms": 224, "user_id": 258, "request_id": "f56070aa-1731-400b-91be-cd12c1f890ea"}
{"timestamp": "2025-03-31T20:52:13.620251", "api_method": "summarize_text", "status": 500, "latency_ms": 220, "user_id": 371, "request_id": "8537e577-75f5-4904-b311-f7dbd8c173cb"}
{"timestamp": "2025-08-08T20:52:13.620256", "api_method": "summarize_text", "status": 500, "latency_ms": 230, "user_id": 510, "request_id": "108dbefc-cad8-453f-a8a4-16938cf5172c"}
{"timestamp": "2025-10-09T20:52:13.620261", "api_method": "generate_embedding", "status": 200, "latency_ms": 285, "user_id": 654, "request_id": "3445b53a-2728-449e-a9ad-0256db96b023"}
{"timestamp": "2025-08-05T20:52:13.620266", "api_method": "translate_text", "status": 400, "latency_ms": 214, "user_id": 602, "request_id": "cbb05631-5fa6-470b-99e8-62d78580c3d9"}
{"timestamp": "2025-03-08T20:52:13.620270", "api_method": "chat_completion", "status": 200, "latency_ms": 157, "user_id": 729, "request_id": "770eee4f-1c58-4ba1-880c-8c757fe927c6"}
{"timestamp": "2025-08-24T20:52:13.620275", "api_method": "generate_embedding", "status": 201, "latency_ms": 252, "user_id": 884, "request_id": "c751cbe8-ec93-41d6-afe4-bf960fc5c46a"}
{"timestamp": "2025-02-04T20:52:13.620280", "api_method": "generate_embedding", "status": 200, "latency_ms": 197, "user_id": 913, "request_id": "15c402b7-db59-496d-9ca2-201c28c23034"}
{"timestamp": "2025-07-05T20:52:13.620285", "api_method": "chat_completion", "status": 200, "latency_ms": 99, "user_id": 323, "request_id": "225c9159-b030-4fd9-8c11-c50d04e4cb8d"}
{"timestamp": "2025-10-02T20:52:13.620290", "api_method": "sentiment_analysis", "status": 200, "latency_ms": 161, "user_id": 39, "request_id": "ede2262f-300b-44bd-9859-990d7e0616b8"}
{"timestamp": "2025-09-02T20:52:13.620295", "api_method": "summarize_text", "status": 400, "latency_ms": 182, "user_id": 932, "request_id": "3594d822-f980-4054-a4a6-6fae8f9a44ef"}
{"timestamp": "2024-12-26T20:52:13.620300", "api_method": "sentiment_analysis", "status": 401, "latency_ms": 148, "user_id": 752, "request_id": "2d26507e-6050-472e-89a6-76466d3c2664"}
{"timestamp": "2025-11-09T20:52:13.620372", "api_method": "summarize_text", "status": 400, "latency_ms": 188, "user_id": 987, "request_id": "a57a9826-f9dc-4afc-ba53-a93b5e562293"}
{"timestamp": "2025-06-12T20:52:13.620379", "api_method": "sentiment_analysis", "status": 201, "latency_ms": 242, "user_id": 327, "request_id": "1fa4b5ff-e46d-49d3-8797-782223d94176"}
{"timestamp": "2025-06-26T20:52:13.620384", "api_method": "chat_completion", "status": 401, "latency_ms": 217, "user_id": 680, "request_id": "8c9697ec-cd07-4307-869a-ce25640744d5"}
{"timestamp": "2025-02-08T20:52:13.620389", "api_method": "chat_completion", "status": 500, "latency_ms": 169, "user_id": 900, "request_id": "b1238f00-7bef-4d4b-986c-a06eb1d64065"}
{"timestamp": "2025-01-28T20:52:13.620394", "api_method": "chat_completion", "status": 401, "latency_ms": 171, "user_id": 491, "request_id": "3861577f-cbb1-47de-b769-b82393257fdd"}
{"timestamp": "2024-12-15T20:52:13.620399", "api_method": "chat_completion", "status": 500, "latency_ms": 261, "user_id": 359, "request_id": "4482a5bc-ce69-4186-bb51-02429acc60f0"}
{"timestamp": "2025-08-18T20:52:13.620404", "api_method": "translate_text", "status": 400, "latency_ms": 205, "user_id": 778, "request_id": "b918f16c-5df7-4155-8900-f419df70f44a"}
{"timestamp": "2025-09-01T20:52:13.620409", "api_method": "summarize_text", "status": 500, "latency_ms": 179, "user_id": 720, "request_id": "4f4ad674-7a13-4fa5-a2a9-7424a06c07e5"}
{"timestamp": "2025-05-26T20:52:13.620414", "api_method": "generate_embedding", "status": 200, "latency_ms": 261, "user_id": 418, "request_id": "88bad7a6-5285-4d0e-8f83-f63733c23f22"}
{"timestamp": "2025-06-13T20:52:13.620419", "api_method": "chat_completion", "status": 201, "latency_ms": 222, "user_id": 382, "request_id": "d53121c9-6392-4aaa-b0c8-ed77bc6522af"}
{"timestamp": "2025-02-25T20:52:13.620424", "api_method": "sentiment_analysis", "status": 400, "latency_ms": 266, "user_id": 433, "request_id": "b487e4ea-8861-4739-b6c1-be6a7f7e7827"}
{"timestamp": "2024-12-21T20:52:13.620429", "api_method": "generate_embedding", "status": 200, "latency_ms": 148, "user_id": 160, "request_id": "09b79726-dc94-46ab-921a-9ba718301f71"}
{"timestamp": "2025-04-07T20:52:13.620434", "api_method": "sentiment_analysis", "status": 201, "latency_ms": 115, "user_id": 633, "request_id": "493b5194-cfa3-429f-8a49-693ee8751316"}
{"timestamp": "2025-09-13T20:52:13.620439", "api_method": "sentiment_analysis", "status": 200, "latency_ms": 191, "user_id": 564, "request_id": "f86f8349-78b3-4f44-b31d-4a3e0db9b6bc"}
{"timestamp": "2025-08-27T20:52:13.620444", "api_method": "chat_completion", "status": 200, "latency_ms": 143, "user_id": 628, "request_id": "17c1eb5b-bc3e-4833-b211-3473e9e59528"}
{"timestamp": "2025-11-14T20:52:13.620449", "api_method": "sentiment_analysis", "status": 401, "latency_ms": 208, "user_id": 275, "request_id": "8d63eeb7-ae24-4f9b-914c-2a83bd9e4403"}
{"timestamp": "2025-05-30T20:52:13.620453", "api_method": "chat_completion", "status": 400, "latency_ms": 254, "user_id": 932, "request_id": "2fbadade-f1b5-4320-a569-49dcbc9991a1"}
{"timestamp": "2025-08-15T20:52:13.620458", "api_method": "generate_embedding", "status": 500, "latency_ms": 161, "user_id": 276, "request_id": "905bd318-585f-4987-8f4c-1ef09913b483"}
{"timestamp": "2025-10-06T20:52:13.620463", "api_method": "chat_completion", "status": 200, "latency_ms": 171, "user_id": 690, "request_id": "f6a1545f-2add-4ab5-9871-e6398170c1e0"}
{"timestamp": "2025-09-01T20:52:13.620468", "api_method": "chat_completion", "status": 200, "latency_ms": 152, "user_id": 624, "request_id": "bcdec96d-b852-44cb-a486-c2a8a7cf4b9b"}
{"timestamp": "2024-12-26T20:52:13.620472", "api_method": "chat_completion", "status": 200, "latency_ms": 167, "user_id": 968, "request_id": "921ed696-7131-4d12-bf3c-9c88eac51e4a"}
{"timestamp": "2025-08-11T20:52:13.620477", "api_method": "translate_text", "status": 200, "latency_ms": 277, "user_id": 692, "request_id": "160f4986-7369-4cdb-a750-decfec49d710"}
{"timestamp": "2025-03-25T20:52:13.620483", "api_method": "translate_text", "status": 401, "latency_ms": 211, "user_id": 33, "request_id": "27e8f1b2-7da0-477a-82fe-eadd1dcebd7f"}
{"timestamp": "2024-12-28T20:52:13.620488", "api_method": "generate_embedding", "status": 401, "latency_ms": 233, "user_id": 220, "request_id": "c6e010fc-dc53-440c-a825-d2a1d9ad1c48"}
{"timestamp": "2025-06-02T20:52:13.620492", "api_method": "sentiment_analysis", "status": 401, "latency_ms": 213, "user_id": 176, "request_id": "c5d57524-aed7-42d7-9c5b-0d0266c7ae33"}
{"timestamp": "2025-07-31T20:52:13.620497", "api_method": "translate_text", "status": 200, "latency_ms": 224, "user_id": 905, "request_id": "d73bb342-32b9-4044-b6d2-66a92349316c"}
{"timestamp": "2025-09-30T20:52:13.620502", "api_method": "chat_completion", "status": 201, "latency_ms": 169, "user_id": 558, "request_id": "8a5501e8-aba8-4496-9baa-cfdbaba28f01"}
{"timestamp": "2025-01-15T20:52:13.620507", "api_method": "sentiment_analysis", "status": 500, "latency_ms": 216, "user_id": 519, "request_id": "23de91ea-9f21-4cbb-a3be-128134aca285"}
{"timestamp": "2025-01-24T20:52:13.620511", "api_method": "summarize_text", "status": 401, "latency_ms": 209, "user_id": 231, "request_id": "7bad1022-d84c-4a35-8733-389387ff3723"}
{"timestamp": "2025-11-25T20:52:13.620516", "api_method": "sentiment_analysis", "status": 200, "latency_ms": 199, "user_id": 99, "request_id": "e0fc377d-1299-4ae6-8f02-df788ac263f7"}
{"timestamp": "2025-03-28T20:52:13.620521", "api_method": "sentiment_analysis", "status": 200, "latency_ms": 225, "user_id": 226, "request_id": "66a5f7bd-d5bb-4438-b081-5ef12dafbb00"}
{"timestamp": "2025-04-13T20:52:13.620525", "api_method": "sentiment_analysis", "status": 400, "latency_ms": 105, "user_id": 394, "request_id": "007db85f-d535-49dc-a138-577503f6e00a"}
{"timestamp": "2025-03-07T20:52:13.620530", "api_method": "generate_embedding", "status": 400, "latency_ms": 256, "user_id": 222, "request_id": "940f3d78-c1ee-40ba-a4e9-2d515a1403aa"}
{"timestamp": "2025-10-23T20:52:13.620535", "api_method": "translate_text", "status": 201, "latency_ms": 155, "user_id": 683, "request_id": "e956a82d-3e00-40c0-939d-17d8f2a2545f"}
{"timestamp": "2025-01-20T20:52:13.620540", "api_method": "sentiment_analysis", "status": 200, "latency_ms": 238, "user_id": 506, "request_id": "94ebb2a7-b1b4-43c2-99a6-55ecd21663b1"}
{"timestamp": "2024-12-31T20:52:13.620545", "api_method": "translate_text", "status": 200, "latency_ms": 227, "user_id": 820, "request_id": "140a408b-0e8e-4d86-b176-55429307fc67"}
{"timestamp": "2025-03-06T20:52:13.620550", "api_method": "chat_completion", "status": 200, "latency_ms": 260, "user_id": 732, "request_id": "cbb786dc-0ab0-4623-a42d-9f040e8ef95f"}
{"timestamp": "2025-01-05T20:52:13.620555", "api_method": "translate_text", "status": 200, "latency_ms": 253, "user_id": 370, "request_id": "cf73fb4b-37ac-40b7-8426-80f7ee25b178"}
{"timestamp": "2025-03-28T20:52:13.620559", "api_method": "translate_text", "status": 401, "latency_ms": 277, "user_id": 111, "request_id": "98f8b260-7a04-43f3-8dbc-8208489aaa92"}
{"timestamp": "2025-08-29T20:52:13.620564", "api_method": "translate_text", "status": 400, "latency_ms": 181, "user_id": 370, "request_id": "9791c7df-e161-4808-aaa5-c94a5e34b315"}
{"timestamp": "2025-05-31T20:52:13.620569", "api_method": "sentiment_analysis", "status": 200, "latency_ms": 121, "user_id": 378, "request_id": "e36626c9-d230-4065-8167-b497ae9de5a0"}
{"timestamp": "2025-04-25T20:52:13.620574", "api_method": "sentiment_analysis", "status": 200, "latency_ms": 129, "user_id": 454, "request_id": "acd9a996-1c8e-4495-9846-84be6120cf72"}
{"timestamp": "2024-12-27T20:52:13.620579", "api_method": "chat_completion", "status": 500, "latency_ms": 111, "user_id": 415, "request_id": "279926e0-6904-4daf-8aad-08273a1921f1"}
{"timestamp": "2025-04-17T20:52:13.620584", "api_method": "chat_completion", "status": 200, "latency_ms": 183, "user_id": 102, "request_id": "db142e1b-ec6a-4505-adeb-ed6995e3dc4a"}
{"timestamp": "2025-05-01T20:52:13.620588", "api_method": "generate_embedding", "status": 200, "latency_ms": 121, "user_id": 790, "request_id": "31e372aa-ab36-4438-aeb4-b480dcf0994c"}
{"timestamp": "2025-11-07T20:52:13.620593", "api_method": "translate_text", "status": 500, "latency_ms": 207, "user_id": 944, "request_id": "a579c7d1-f402-497b-83a9-32a599af6bef"}
{"timestamp": "2025-09-24T20:52:13.620609", "api_method": "generate_embedding", "status": 400, "latency_ms": 241, "user_id": 790, "request_id": "9b410c49-d742-432d-bc16-39a9977683f1"}
{"timestamp": "2025-07-17T20:52:13.620616", "api_method": "generate_embedding", "status": 200, "latency_ms": 268, "user_id": 633, "request_id": "ab0691d3-424b-4497-ba22-3ae52c0d3925"}
{"timestamp": "2025-02-23T20:52:13.620620", "api_method": "summarize_text", "status": 200, "latency_ms": 193, "user_id": 539, "request_id": "d3c9a3f2-ad38-4fc9-9f60-b40082c2f3cb"}
{"timestamp": "2025-07-01T20:52:13.620625", "api_method": "translate_text", "status": 400, "latency_ms": 264, "user_id": 108, "request_id": "da4c4b23-79da-43e9-96b6-bc3315a95a5e"}
{"timestamp": "2024-12-03T20:52:13.620630", "api_method": "sentiment_analysis", "status": 401, "latency_ms": 158, "user_id": 642, "request_id": "3908aa07-7866-49e6-b7c6-c57158d5adf8"}
{"timestamp": "2025-01-02T20:52:13.620636", "api_method": "sentiment_analysis", "status": 200, "latency_ms": 253, "user_id": 16, "request_id": "b59c3aed-f997-42ad-aaf6-37f69f59b833"}
{"timestamp": "2024-12-30T20:52:13.620640", "api_method": "summarize_text", "status": 500, "latency_ms": 339, "user_id": 623, "request_id": "b5c09057-1f77-4844-b570-f0e0b1ff7bcc"}
{"timestamp": "2025-05-30T20:52:13.620645", "api_method": "translate_text", "status": 201, "latency_ms": 155, "user_id": 302, "request_id": "36ea8f0a-35f5-4551-8b90-6d21a8e5cc35"}
