date,symbol,open,high,low,close,volume
2024-12-02,AAPL,841.48,853.36,836.59,838.11,461572
2024-12-02,GOOGL,448.09,453.43,444.03,452.73,452001
2024-12-02,MSFT,474.47,480.1,466.05,479.25,817848
2024-12-02,AMZN,689.32,700.08,683.96,691.71,864493
2024-12-02,TSLA,734.7,757.61,732.96,757.14,618883
2024-12-03,AAPL,294.1,309.98,288.76,306.26,872946
2024-12-03,GOOGL,556.32,558.58,548.38,554.61,741168
2024-12-03,MSFT,321.32,324.91,310.31,310.61,247123
2024-12-03,AMZN,495.68,496.28,475.0,480.17,151313
2024-12-03,TSLA,898.77,912.36,872.69,879.62,424754
2024-12-04,AAPL,857.31,872.21,841.78,845.5,170880
2024-12-04,GOOGL,144.81,146.18,141.87,143.76,109869
2024-12-04,MSFT,401.66,408.45,397.37,402.24,393087
2024-12-04,AMZN,369.25,385.7,367.41,383.92,272596
2024-12-04,TSLA,795.3,801.04,766.64,770.96,
2024-12-05,AAPL,857.1,858.16,825.72,839.43,993718
2024-12-05,GOOGL,821.54,825.5,782.02,786.44,804963
2024-12-05,MSFT,805.93,829.15,793.46,826.56,180848
2024-12-05,AMZN,495.32,507.57,492.14,499.76,144428
2024-12-05,TSLA,311.17,312.27,299.17,302.42,793817
2024-12-06,AAPL,204.72,208.33,204.37,204.9,794311
2024-12-06,GOOGL,944.08,961.98,926.63,942.7,753302
2024-12-06,MSFT,917.56,934.74,898.72,903.28,988387
2024-12-06,AMZN,628.28,635.96,625.65,628.0,992204
2024-12-06,TSLA,637.47,637.91,624.07,633.07,559912
2024-12-09,AAPL,858.75,858.97,811.27,827.6,273496
2024-12-09,GOOGL,867.21,892.88,852.36,885.05,976305
2024-12-09,MSFT,794.04,797.65,760.19,760.3,133538
2024-12-09,AMZN,719.64,721.34,674.54,684.7,224866
2024-12-09,TSLA,175.28,176.08,165.45,167.51,157148
2024-12-10,AAPL,325.95,331.99,309.94,312.89,850765
2024-12-10,GOOGL,909.22,937.22,903.48,926.72,503004
2024-12-10,MSFT,300.19,300.19,295.57,297.85,661315
2024-12-10,AMZN,627.61,632.52,608.5,620.35,514004
2024-12-10,TSLA,465.15,497.31,459.94,488.04,314187
2024-12-11,AAPL,369.58,392.76,366.89,387.69,272097
2024-12-11,GOOGL,905.03,939.73,894.58,927.48,583742
2024-12-11,MSFT,745.83,757.6,742.72,751.28,926607
2024-12-11,AMZN,273.77,283.38,269.48,278.51,566032
2024-12-11,TSLA,514.91,516.43,498.21,505.67,215750
2024-12-12,AAPL,383.69,402.92,379.2,398.36,209814
2024-12-12,GOOGL,950.09,957.38,902.72,905.38,814830
2024-12-12,MSFT,693.76,704.33,673.85,680.96,685079
2024-12-12,AMZN,544.32,559.5,536.28,550.38,641428
2024-12-12,TSLA,672.63,682.73,655.45,665.5,686355
2024-12-13,AAPL,126.19,128.09,123.75,125.5,978093
2024-12-13,GOOGL,116.12,119.51,115.89,118.2,337097
2024-12-13,MSFT,415.86,420.53,409.92,411.58,308251
2024-12-13,AMZN,734.03,751.63,725.31,738.05,160080
2024-12-13,TSLA,202.31,211.56,201.71,208.79,345344
2024-12-16,AAPL,123.27,123.47,118.69,120.5,533602
2024-12-16,GOOGL,511.46,527.04,505.87,521.31,239698
2024-12-16,MSFT,689.58,690.44,644.01,655.47,822241
2024-12-16,AMZN,521.4,537.52,513.99,530.96,176108
2024-12-16,TSLA,327.24,332.55,314.92,316.69,136221
2024-12-17,AAPL,971.05,996.07,952.05,992.9,141787
2024-12-17,GOOGL,757.99,759.85,729.43,732.93,195800
2024-12-17,MSFT,450.73,464.39,448.69,462.69,642183
2024-12-17,AMZN,473.83,478.31,451.01,459.29,290302
2024-12-17,TSLA,557.26,563.33,534.39,536.16,381493
2024-12-18,AAPL,564.26,591.17,555.11,588.79,218717
2024-12-18,GOOGL,566.95,573.59,566.69,573.03,494738
2024-12-18,MSFT,492.15,494.99,489.58,490.62,661386
2024-12-18,AMZN,339.74,360.97,336.93,355.58,533703
2024-12-18,TSLA,860.73,891.69,849.43,885.27,419071
2024-12-19,AAPL,613.98,624.87,588.9,595.73,245832
2024-12-19,GOOGL,325.62,333.21,322.55,328.23,386265
2024-12-19,MSFT,577.11,599.55,574.69,590.18,197517
2024-12-19,AMZN,208.84,209.16,200.5,204.16,245811
2024-12-19,TSLA,832.72,842.05,820.96,824.05,846507
2024-12-20,AAPL,922.39,950.9,914.36,947.89,389390
2024-12-20,GOOGL,797.37,803.21,744.54,759.38,881236
2024-12-20,MSFT,803.73,807.12,766.62,767.41,515537
2024-12-20,AMZN,886.05,905.83,880.81,902.29,864327
2024-12-20,TSLA,760.31,762.5,749.05,761.91,736724
2024-12-23,AAPL,848.17,850.41,813.13,813.34,657899
2024-12-23,GOOGL,693.73,707.38,685.34,688.83,592183
2024-12-23,MSFT,295.5,305.12,294.45,303.36,577071
2024-12-23,AMZN,422.46,436.87,420.23,430.55,750706
2024-12-23,TSLA,334.28,339.98,313.88,320.04,565514
2024-12-24,AAPL,766.05,797.66,758.69,795.38,736922
2024-12-24,GOOGL,716.67,721.47,704.14,718.94,105395
2024-12-24,MSFT,648.05,652.39,644.0,644.78,427235
2024-12-24,AMZN,497.45,498.41,494.38,497.5,650443
2024-12-24,TSLA,804.26,815.12,800.82,804.58,376288
2024-12-25,AAPL,931.7,973.46,925.81,965.5,907132
2024-12-25,GOOGL,244.77,247.46,240.28,245.02,727915
2024-12-25,MSFT,621.62,633.68,586.09,592.23,411386
2024-12-25,AMZN,140.62,148.1,139.12,147.18,813923
2024-12-25,TSLA,735.36,768.11,733.01,753.79,729656
2024-12-26,AAPL,486.89,495.16,470.09,470.89,248862
2024-12-26,GOOGL,409.26,422.11,401.79,415.93,452021
2024-12-26,MSFT,128.73,130.64,123.14,123.35,755803
2024-12-26,AMZN,144.41,147.22,143.9,144.64,716524
2024-12-26,TSLA,427.93,436.89,425.36,428.59,857719
2024-12-27,AAPL,659.76,699.43,653.11,690.97,718382
2024-12-27,GOOGL,504.11,508.92,494.87,502.23,807178
2024-12-27,MSFT,534.34,542.95,523.77,526.12,843521
2024-12-27,AMZN,867.8,880.25,857.14,859.7,899200
2024-12-27,TSLA,370.28,394.93,369.93,388.07,825817
2024-12-30,AAPL,363.73,374.36,359.64,369.85,671439
2024-12-30,GOOGL,217.1,227.14,216.86,224.31,303295
2024-12-30,MSFT,175.89,182.55,175.13,181.94,207463
2024-12-30,AMZN,645.05,647.07,616.88,618.72,302337
2024-12-30,TSLA,805.31,861.11,801.21,844.9,115531
2024-12-31,AAPL,376.3,381.98,368.67,371.23,497943
2024-12-31,GOOGL,806.47,819.2,800.33,809.84,308748
2024-12-31,MSFT,859.09,876.08,841.72,852.34,912609
2024-12-31,AMZN,790.55,803.05,755.61,757.26,848286
2024-12-31,TSLA,888.16,898.79,842.62,849.36,489030
2025-01-01,AAPL,563.76,573.82,557.75,571.33,281323
2025-01-01,GOOGL,774.94,797.4,763.88,786.23,422177
2025-01-01,MSFT,581.85,584.03,550.65,560.23,957138
2025-01-01,AMZN,446.07,454.92,421.54,425.21,130369
2025-01-01,TSLA,561.69,597.26,553.97,587.02,397844
2025-01-02,AAPL,471.45,475.61,451.74,458.93,958714
2025-01-02,GOOGL,598.83,599.41,560.19,570.74,964915
2025-01-02,MSFT,777.48,788.65,765.5,770.83,749324
2025-01-02,AMZN,611.95,623.24,601.64,604.8,520551
2025-01-02,TSLA,342.26,345.3,333.82,339.08,977395
2025-01-03,AAPL,960.14,977.52,928.69,937.75,754713
2025-01-03,GOOGL,793.25,837.98,785.13,832.07,480194
2025-01-03,MSFT,129.5,130.62,126.3,126.33,489565
2025-01-03,AMZN,652.54,671.1,640.57,668.52,959473
2025-01-03,TSLA,627.66,664.38,625.77,653.0,597685
2025-01-06,AAPL,185.77,188.86,181.58,184.19,478168
2025-01-06,GOOGL,504.27,526.42,504.23,518.89,720053
2025-01-06,MSFT,124.09,131.02,123.35,129.87,193082
2025-01-06,AMZN,310.87,316.05,307.56,315.92,999892
2025-01-06,TSLA,157.98,159.04,152.01,154.83,889923
2025-01-07,AAPL,671.97,684.4,640.23,652.09,470080
2025-01-07,GOOGL,136.46,137.68,128.98,129.68,498531
2025-01-07,MSFT,529.39,536.81,519.41,519.9,324445
2025-01-07,AMZN,260.47,266.38,257.68,263.84,909137
2025-01-07,TSLA,262.27,263.18,252.24,255.2,121475
2025-01-08,AAPL,197.88,199.19,191.55,193.47,382452
2025-01-08,GOOGL,912.14,963.75,904.0,948.76,444612
2025-01-08,MSFT,384.9,396.13,384.09,391.78,153023
2025-01-08,AMZN,715.23,723.62,694.77,706.43,537289
2025-01-08,TSLA,153.31,161.5,152.69,160.38,227253
2025-01-09,AAPL,262.19,263.1,255.47,257.76,280941
2025-01-09,GOOGL,795.13,798.85,780.76,794.02,581502
2025-01-09,MSFT,264.8,272.49,261.87,271.42,122970
2025-01-09,AMZN,795.65,840.92,786.43,834.37,543613
2025-01-09,TSLA,649.33,660.11,636.88,648.15,406676
2025-01-10,AAPL,815.96,835.21,815.03,821.2,858576
2025-01-10,GOOGL,700.75,704.3,688.62,696.61,458015
2025-01-10,MSFT,860.79,869.64,834.91,835.28,851059
2025-01-10,AMZN,971.93,987.95,923.87,936.35,476303
2025-01-10,TSLA,389.56,403.65,383.77,396.51,999843
2025-01-13,AAPL,604.86,605.68,596.39,602.63,784861
2025-01-13,GOOGL,430.13,434.69,422.72,433.22,986285
2025-01-13,MSFT,395.67,400.33,382.44,389.79,836658
2025-01-13,AMZN,972.42,983.13,921.29,926.81,264283
2025-01-13,TSLA,401.31,410.52,400.77,406.11,649929
2025-01-14,AAPL,367.6,389.2,363.83,384.39,119298
2025-01-14,GOOGL,827.06,872.23,820.96,866.58,113504
2025-01-14,MSFT,393.24,398.15,378.57,383.0,576993
2025-01-14,AMZN,916.81,963.5,903.87,960.42,259660
2025-01-14,TSLA,460.85,461.41,443.63,447.47,256071
2025-01-15,AAPL,974.14,1017.44,973.27,1008.89,341357
2025-01-15,GOOGL,833.78,860.11,831.11,857.12,
2025-01-15,MSFT,573.91,584.15,562.81,562.89,556402
2025-01-15,AMZN,246.5,262.21,245.85,258.39,546010
2025-01-15,TSLA,572.61,582.61,551.07,556.34,406835
2025-01-16,AAPL,865.15,881.94,828.4,836.31,870030
2025-01-16,GOOGL,988.9,886.79,985.32,998.4,875448
2025-01-16,MSFT,968.06,984.44,967.26,981.62,831210
2025-01-16,AMZN,593.7,595.91,572.87,581.68,221827
2025-01-16,TSLA,564.96,573.62,561.4,566.35,600548
2025-01-17,AAPL,512.55,539.3,509.83,528.93,552399
2025-01-17,GOOGL,630.11,632.21,624.84,627.75,997647
2025-01-17,MSFT,365.28,367.69,343.26,349.65,388242
2025-01-17,AMZN,738.3,762.06,731.0,750.59,371467
2025-01-17,TSLA,227.35,230.37,216.88,217.01,771330
2025-01-20,AAPL,761.15,812.89,747.15,798.82,113114
2025-01-20,GOOGL,184.69,193.31,183.87,190.04,365235
2025-01-20,MSFT,414.6,436.98,408.44,431.41,125987
2025-01-20,AMZN,697.7,708.07,660.02,669.49,150121
2025-01-20,TSLA,876.18,921.09,870.07,908.0,589501
2025-01-21,AAPL,429.24,432.19,406.75,407.83,469624
2025-01-21,GOOGL,461.25,469.57,455.6,467.14,748921
2025-01-21,MSFT,785.23,788.94,768.85,780.23,665343
2025-01-21,AMZN,634.11,668.2,624.75,657.63,722228
2025-01-21,TSLA,523.59,531.33,521.26,522.37,728944
2025-01-22,AAPL,837.68,850.12,797.46,806.78,929198
2025-01-22,GOOGL,528.16,537.1,513.5,515.71,808494
2025-01-22,MSFT,502.43,505.71,484.86,494.6,438668
2025-01-22,AMZN,460.27,468.3,450.21,454.47,244223
2025-01-22,TSLA,608.1,614.02,569.84,579.52,314106
2025-01-23,AAPL,617.76,626.95,599.03,608.77,644695
2025-01-23,GOOGL,219.52,222.12,216.74,218.71,577877
2025-01-23,MSFT,457.56,487.14,450.5,478.83,280862
2025-01-23,AMZN,996.43,1035.28,988.57,1031.14,162382
2025-01-23,TSLA,318.94,323.84,312.91,320.45,753235
2025-01-24,AAPL,456.43,483.57,455.54,475.26,491104
2025-01-24,GOOGL,315.93,321.73,309.5,309.79,292998
2025-01-24,MSFT,160.12,170.1,159.9,167.77,600499
2025-01-24,AMZN,250.81,261.33,246.31,258.19,409833
2025-01-24,TSLA,395.45,405.37,390.02,402.05,329635
2025-01-27,AAPL,991.49,1024.47,987.72,1007.0,515447
2025-01-27,GOOGL,225.83,233.37,223.72,230.31,508723
2025-01-27,MSFT,251.9,261.53,248.11,257.65,397920
2025-01-27,AMZN,243.71,251.94,241.92,247.22,995349
2025-01-27,TSLA,423.84,433.65,415.93,432.9,
2025-01-28,AAPL,628.68,635.85,609.9,610.17,257195
2025-01-28,GOOGL,278.71,281.27,277.46,278.13,867399
2025-01-28,MSFT,432.36,440.08,424.42,435.96,148680
2025-01-28,AMZN,442.88,451.33,428.06,434.41,543024
2025-01-28,TSLA,117.18,119.04,111.82,113.44,617241
2025-01-29,AAPL,899.23,939.44,894.32,921.75,811203
2025-01-29,GOOGL,834.54,842.15,796.81,807.12,291509
2025-01-29,MSFT,100.05,101.27,97.72,98.99,351509
2025-01-29,AMZN,758.99,767.64,735.54,742.31,667699
2025-01-29,TSLA,256.57,269.51,251.98,267.83,589772
2025-01-30,AAPL,784.79,788.5,748.69,762.95,406600
2025-01-30,GOOGL,237.35,238.12,224.14,226.03,995431
2025-01-30,MSFT,751.02,758.39,737.88,758.37,670641
2025-01-30,AMZN,900.01,929.89,894.33,928.19,283258
2025-01-30,TSLA,488.9,491.42,459.37,467.66,801477
2025-01-31,AAPL,361.71,366.12,357.21,363.57,730534
2025-01-31,GOOGL,546.42,576.96,546.14,572.06,327755
2025-01-31,MSFT,469.67,474.85,464.65,468.66,794195
2025-01-31,AMZN,394.4,412.41,386.95,406.95,398677
2025-01-31,TSLA,891.62,908.99,885.53,895.49,404496
2025-02-03,AAPL,271.77,278.1,270.4,274.33,673066
2025-02-03,GOOGL,301.73,317.82,300.99,311.69,563117
2025-02-03,MSFT,158.87,162.55,158.05,161.61,898647
2025-02-03,AMZN,816.21,819.29,809.1,814.06,862038
2025-02-03,TSLA,375.56,376.86,354.66,356.96,262548
2025-02-04,AAPL,454.3,484.89,448.18,475.39,503459
2025-02-04,GOOGL,488.62,513.96,487.27,504.56,917141
2025-02-04,MSFT,596.94,599.11,594.6,595.74,925968
2025-02-04,AMZN,907.02,944.81,897.8,931.55,542354
2025-02-04,TSLA,358.55,358.81,339.05,342.36,454667
2025-02-05,AAPL,501.33,502.75,494.73,499.53,630479
2025-02-05,GOOGL,280.33,288.77,278.96,283.42,972249
2025-02-05,MSFT,925.95,968.84,916.68,963.83,985399
2025-02-05,AMZN,964.75,981.08,905.14,917.83,387384
2025-02-05,TSLA,572.93,601.22,561.63,589.57,224638
2025-02-06,AAPL,992.32,993.57,961.05,973.26,521307
2025-02-06,GOOGL,871.57,874.26,829.06,832.67,577398
2025-02-06,MSFT,718.09,725.75,715.16,718.44,160681
2025-02-06,AMZN,269.77,273.3,268.07,268.17,202648
2025-02-06,TSLA,210.84,221.0,209.94,217.71,110636
2025-02-07,AAPL,693.02,704.74,682.91,701.49,100540
2025-02-07,GOOGL,227.28,228.06,219.55,223.3,911877
2025-02-07,MSFT,959.67,976.97,929.92,930.51,991379
2025-02-07,AMZN,645.53,660.58,643.72,655.22,465108
2025-02-07,TSLA,918.73,925.5,902.43,921.94,702782
2025-02-10,AAPL,684.72,689.71,678.2,688.97,611714
2025-02-10,GOOGL,707.5,719.14,679.22,689.74,540887
2025-02-10,MSFT,499.4,503.73,479.02,488.03,162190
2025-02-10,AMZN,982.11,1000.71,940.06,948.3,540805
2025-02-10,TSLA,343.39,354.15,336.93,347.55,120864
2025-02-11,AAPL,173.11,173.16,171.56,171.85,808469
2025-02-11,GOOGL,772.94,798.81,761.63,790.11,563097
2025-02-11,MSFT,746.12,793.16,743.5,778.05,610894
2025-02-11,AMZN,926.12,936.15,874.44,879.81,797050
2025-02-11,TSLA,170.14,175.51,167.9,175.49,198220
2025-02-12,AAPL,928.9,932.61,906.47,907.66,975785
2025-02-12,GOOGL,133.41,139.82,131.62,139.18,834008
2025-02-12,MSFT,596.07,613.01,590.48,609.05,697883
2025-02-12,AMZN,228.07,238.58,225.91,237.35,194585
2025-02-12,TSLA,381.67,398.92,380.97,392.37,112864
2025-02-13,AAPL,268.68,273.13,256.74,258.92,976023
2025-02-13,GOOGL,888.15,927.67,886.05,924.89,226967
2025-02-13,MSFT,812.68,814.17,772.8,781.24,356615
2025-02-13,AMZN,764.38,772.65,724.52,736.74,736240
2025-02-13,TSLA,606.02,611.8,588.06,594.49,714253
2025-02-14,AAPL,713.35,719.54,700.99,707.89,376380
2025-02-14,GOOGL,744.79,782.17,734.81,767.14,220186
2025-02-14,MSFT,525.1,550.73,522.96,543.6,315683
2025-02-14,AMZN,638.44,646.42,632.17,633.89,900347
2025-02-14,TSLA,299.03,311.95,296.99,306.96,745901
2025-02-17,AAPL,738.05,748.55,705.55,711.87,940048
2025-02-17,GOOGL,997.35,1042.6,996.72,1027.08,935046
2025-02-17,MSFT,722.58,732.13,690.1,703.24,653042
2025-02-17,AMZN,300.77,303.81,293.66,295.18,782535
2025-02-17,TSLA,276.38,283.18,273.11,281.15,578722
2025-02-18,AAPL,562.39,564.77,549.75,557.98,642662
2025-02-18,GOOGL,636.17,642.65,614.73,616.36,289769
2025-02-18,MSFT,388.96,389.99,385.41,389.38,554276
2025-02-18,AMZN,396.79,400.69,386.9,391.18,747384
2025-02-18,TSLA,548.02,569.81,539.07,564.19,677091
2025-02-19,AAPL,690.91,702.74,681.85,684.57,557640
2025-02-19,GOOGL,353.96,357.97,345.6,349.31,336425
2025-02-19,MSFT,347.84,348.83,325.67,331.47,278231
2025-02-19,AMZN,865.01,881.59,835.73,840.23,420284
2025-02-19,TSLA,392.12,401.16,391.06,397.69,389033
2025-02-20,AAPL,623.64,631.13,602.32,603.75,687210
2025-02-20,GOOGL,574.75,580.33,565.38,576.4,219501
2025-02-20,MSFT,336.16,341.25,330.58,338.61,666522
2025-02-20,AMZN,835.06,837.12,807.38,814.59,486924
2025-02-20,TSLA,150.34,152.9,149.33,151.81,835272
2025-02-21,AAPL,843.26,852.04,813.59,823.98,984066
2025-02-21,GOOGL,229.96,233.77,222.38,225.86,623197
2025-02-21,MSFT,431.44,444.67,425.5,441.61,587245
2025-02-21,AMZN,547.35,553.37,527.13,533.86,725988
2025-02-21,TSLA,343.96,347.14,333.39,340.09,103114
2025-02-24,AAPL,376.03,386.5,371.98,381.19,388222
2025-02-24,GOOGL,511.2,522.44,510.73,512.99,895346
2025-02-24,MSFT,805.59,813.93,798.13,804.76,290808
2025-02-24,AMZN,435.02,440.99,412.88,420.5,369069
2025-02-24,TSLA,531.24,541.32,528.27,531.42,680648
2025-02-25,AAPL,639.85,651.09,629.16,647.55,148509
2025-02-25,GOOGL,531.06,540.85,508.58,514.14,647272
2025-02-25,MSFT,819.8,830.76,773.48,782.9,853962
2025-02-25,AMZN,802.65,813.49,797.03,802.57,559097
2025-02-25,TSLA,507.54,520.72,506.51,511.0,342804
2025-02-26,AAPL,461.41,465.01,452.98,454.55,511961
2025-02-26,GOOGL,758.54,768.64,729.63,736.82,453860
2025-02-26,MSFT,865.08,872.72,813.62,829.42,368811
2025-02-26,AMZN,397.98,404.74,383.14,386.45,
2025-02-26,TSLA,421.71,428.78,395.43,401.24,289355
2025-02-27,AAPL,800.26,835.71,786.67,828.84,800773
2025-02-27,GOOGL,693.72,701.71,688.33,699.58,876153
2025-02-27,MSFT,489.64,493.43,480.81,482.49,715182
2025-02-27,AMZN,805.33,818.38,788.79,798.05,671175
2025-02-27,TSLA,986.78,1014.26,986.12,1003.37,469433
2025-02-28,AAPL,140.16,142.25,138.63,140.56,868498
2025-02-28,GOOGL,858.3,887.96,842.27,878.84,623275
2025-02-28,MSFT,909.73,955.12,891.81,942.58,486529
2025-02-28,AMZN,130.85,132.96,130.39,132.7,963089
2025-02-28,TSLA,674.53,676.84,639.17,651.31,938557
2025-03-03,AAPL,200.57,201.57,197.44,200.03,107000
2025-03-03,GOOGL,388.72,396.19,374.35,374.64,595066
2025-03-03,MSFT,687.46,687.92,660.32,662.19,738304
2025-03-03,AMZN,212.64,215.07,209.09,214.78,858431
2025-03-03,TSLA,908.26,940.65,892.17,932.37,138119
2025-03-04,AAPL,820.24,839.54,816.67,837.36,364469
2025-03-04,GOOGL,633.1,641.89,614.02,624.44,552706
2025-03-04,MSFT,470.98,487.17,466.75,484.3,430702
2025-03-04,AMZN,916.59,918.7,884.73,897.58,325218
2025-03-04,TSLA,131.16,133.49,130.41,133.07,518581
2025-03-05,AAPL,319.05,323.2,300.02,304.15,139105
2025-03-05,GOOGL,382.4,395.19,376.46,394.01,452861
2025-03-05,MSFT,471.27,487.87,468.46,479.93,537078
2025-03-05,AMZN,114.68,119.4,114.18,119.31,756101
2025-03-05,TSLA,723.8,726.06,712.48,719.58,536038
2025-03-06,AAPL,551.78,558.81,532.48,538.21,890363
2025-03-06,GOOGL,420.55,441.76,416.84,435.55,412885
2025-03-06,MSFT,663.48,668.7,657.0,660.9,448749
2025-03-06,AMZN,326.79,328.71,323.25,326.79,603819
2025-03-06,TSLA,160.9,163.05,157.78,162.09,577330
2025-03-07,AAPL,526.13,532.05,496.66,506.11,398580
2025-03-07,GOOGL,937.44,955.06,923.72,923.98,215355
2025-03-07,MSFT,245.42,255.13,244.42,250.17,125308
2025-03-07,AMZN,762.27,803.57,753.4,788.4,412424
2025-03-07,TSLA,598.78,599.67,582.45,587.69,386532
2025-03-10,AAPL,427.22,445.28,419.71,440.32,801889
2025-03-10,GOOGL,347.99,370.11,345.07,364.33,220372
2025-03-10,MSFT,126.69,126.83,120.23,121.56,275675
2025-03-10,AMZN,297.27,312.6,295.76,310.16,660814
2025-03-10,TSLA,199.56,206.84,196.09,205.92,815389
2025-03-11,AAPL,813.55,857.14,797.51,851.82,619521
2025-03-11,GOOGL,795.73,818.48,790.46,809.74,309995
2025-03-11,MSFT,624.82,633.72,593.83,599.98,901191
2025-03-11,AMZN,913.96,962.69,911.42,955.32,454416
2025-03-11,TSLA,930.37,951.08,922.48,945.29,134756
2025-03-12,AAPL,283.34,284.82,277.28,279.99,729132
2025-03-12,GOOGL,172.52,174.36,169.92,170.75,463461
2025-03-12,MSFT,295.36,300.88,295.27,295.64,813491
2025-03-12,AMZN,909.85,923.41,859.16,875.73,346264
2025-03-12,TSLA,482.73,488.47,476.54,478.06,988603
2025-03-13,AAPL,119.05,123.07,117.43,121.1,380979
2025-03-13,GOOGL,329.46,332.22,315.55,317.65,620942
2025-03-13,MSFT,256.83,257.98,250.64,253.42,250168
2025-03-13,AMZN,207.26,181.02,201.13,203.63,449350
2025-03-13,TSLA,556.98,561.23,540.89,546.99,425441
2025-03-14,AAPL,861.94,868.43,834.18,835.75,218482
2025-03-14,GOOGL,189.01,190.37,181.43,181.53,663630
2025-03-14,MSFT,562.5,568.61,546.85,550.2,131297
2025-03-14,AMZN,696.1,700.82,686.04,697.41,951534
2025-03-14,TSLA,456.86,456.9,444.9,450.64,305878
2025-03-17,AAPL,406.45,415.29,399.05,411.49,364723
2025-03-17,GOOGL,922.05,938.36,908.5,931.87,859804
2025-03-17,MSFT,258.23,264.95,253.47,263.54,330820
2025-03-17,AMZN,273.12,278.11,263.55,263.72,966016
2025-03-17,TSLA,564.62,573.35,555.85,558.44,141698
2025-03-18,AAPL,914.41,916.23,867.3,880.91,873252
2025-03-18,GOOGL,376.25,383.24,366.64,370.87,273932
2025-03-18,MSFT,977.88,978.6,950.51,950.76,558079
2025-03-18,AMZN,955.28,959.86,910.4,922.23,276361
2025-03-18,TSLA,830.25,835.25,815.39,825.21,164200
2025-03-19,AAPL,918.71,954.05,904.91,953.34,808490
2025-03-19,GOOGL,149.85,153.14,147.17,153.04,476540
2025-03-19,MSFT,539.36,561.01,538.52,555.49,103423
2025-03-19,AMZN,969.74,978.55,949.88,959.84,461046
2025-03-19,TSLA,118.55,125.38,116.49,123.6,532620
2025-03-20,AAPL,625.54,652.19,613.25,649.76,520028
2025-03-20,GOOGL,145.1,145.11,138.53,140.72,553854
2025-03-20,MSFT,678.97,692.58,672.77,685.35,772567
2025-03-20,AMZN,996.02,1056.04,976.79,1039.11,566481
2025-03-20,TSLA,707.19,716.37,672.37,676.81,178963
2025-03-21,AAPL,365.16,372.98,361.28,368.27,946893
2025-03-21,GOOGL,454.56,468.33,453.76,468.1,805397
2025-03-21,MSFT,370.78,377.18,354.34,360.88,659502
2025-03-21,AMZN,216.71,226.61,216.16,224.26,705274
2025-03-21,TSLA,174.77,177.87,173.25,173.55,418121
2025-03-24,AAPL,278.28,287.89,276.55,286.57,107930
2025-03-24,GOOGL,569.9,597.05,569.76,595.29,571389
2025-03-24,MSFT,949.27,957.25,922.02,937.04,472966
2025-03-24,AMZN,863.03,865.49,851.22,859.39,521996
2025-03-24,TSLA,745.53,785.16,737.45,779.44,815146
2025-03-25,AAPL,528.41,538.89,518.31,520.78,169769
2025-03-25,GOOGL,748.4,752.32,747.85,750.58,905254
2025-03-25,MSFT,853.58,858.17,797.63,813.53,222069
2025-03-25,AMZN,695.78,708.59,676.22,685.86,231495
2025-03-25,TSLA,651.63,653.78,642.64,646.17,777382
2025-03-26,AAPL,718.44,724.43,682.65,690.77,223442
2025-03-26,GOOGL,213.7,221.47,212.64,219.68,999830
2025-03-26,MSFT,695.89,724.03,693.24,723.0,634862
2025-03-26,AMZN,240.67,242.98,234.87,238.18,
2025-03-26,TSLA,674.55,685.63,662.7,680.16,791295
2025-03-27,AAPL,939.76,947.13,884.6,900.01,128024
2025-03-27,GOOGL,126.32,126.62,118.64,120.18,350443
2025-03-27,MSFT,750.41,763.36,712.97,726.51,782574
2025-03-27,AMZN,449.82,452.24,426.83,430.29,249043
2025-03-27,TSLA,270.89,270.9,264.39,266.15,910338
2025-03-28,AAPL,775.85,776.51,752.45,757.65,193717
2025-03-28,GOOGL,966.08,966.6,947.74,950.79,819976
2025-03-28,MSFT,674.06,687.29,657.17,662.6,987232
2025-03-28,AMZN,512.04,512.1,502.16,504.85,558768
2025-03-28,TSLA,804.82,820.77,777.1,785.6,727515
2025-03-31,AAPL,497.07,499.79,469.4,472.93,555101
2025-03-31,GOOGL,202.03,175.25,194.72,195.46,653005
2025-03-31,MSFT,556.2,564.75,530.29,530.53,940134
2025-03-31,AMZN,889.08,933.96,872.42,924.06,743878
2025-03-31,TSLA,481.4,509.15,480.8,503.3,606647
2025-04-01,AAPL,845.47,849.97,829.53,839.2,532720
2025-04-01,GOOGL,906.53,911.87,876.84,877.8,862420
2025-04-01,MSFT,629.79,638.92,597.82,601.53,948272
2025-04-01,AMZN,307.13,310.65,300.9,301.13,409988
2025-04-01,TSLA,798.95,807.83,766.75,771.89,233963
2025-04-02,AAPL,315.86,317.65,311.22,316.9,778030
2025-04-02,GOOGL,774.35,775.07,759.35,773.48,936471
2025-04-02,MSFT,353.05,359.24,337.87,339.84,184685
2025-04-02,AMZN,949.08,966.87,943.12,949.48,877196
2025-04-02,TSLA,117.39,119.47,112.06,113.9,760572
2025-04-03,AAPL,891.07,901.74,841.24,850.55,740169
2025-04-03,GOOGL,377.37,397.92,374.41,390.29,826610
2025-04-03,MSFT,387.8,399.34,380.55,397.21,919037
2025-04-03,AMZN,634.69,660.95,622.05,659.44,439809
2025-04-03,TSLA,447.02,465.32,446.92,461.89,287937
2025-04-04,AAPL,277.22,283.23,275.51,282.99,964853
2025-04-04,GOOGL,155.9,157.12,148.77,151.54,670038
2025-04-04,MSFT,313.17,319.31,302.15,302.23,465418
2025-04-04,AMZN,256.28,261.05,249.12,252.66,399824
2025-04-04,TSLA,559.92,566.02,538.05,544.96,365520
2025-04-07,AAPL,942.03,978.2,930.79,965.21,195478
2025-04-07,GOOGL,204.84,208.91,200.11,201.63,845148
2025-04-07,MSFT,557.67,576.9,552.47,570.38,237081
2025-04-07,AMZN,819.81,847.62,812.0,834.89,250714
2025-04-07,TSLA,326.38,342.67,321.85,336.31,145094
2025-04-08,AAPL,878.61,909.48,866.96,907.01,888315
2025-04-08,GOOGL,723.25,744.42,710.52,737.23,672686
2025-04-08,MSFT,597.97,605.1,569.8,573.86,974128
2025-04-08,AMZN,389.69,391.01,379.24,380.64,370845
2025-04-08,TSLA,240.47,244.46,232.22,233.8,957519
2025-04-09,AAPL,306.0,315.65,304.73,315.11,921594
2025-04-09,GOOGL,188.4,189.75,180.63,181.82,
2025-04-09,MSFT,317.62,330.63,311.85,329.8,312247
2025-04-09,AMZN,247.19,263.44,246.42,259.4,886010
2025-04-09,TSLA,611.6,634.51,608.47,626.64,968097
2025-04-10,AAPL,317.3,336.99,314.77,332.73,477697
2025-04-10,GOOGL,278.86,291.96,277.95,287.43,318512
2025-04-10,MSFT,588.23,611.44,580.76,601.99,513241
2025-04-10,AMZN,942.6,976.13,936.23,969.46,200243
2025-04-10,TSLA,367.81,372.22,348.39,354.04,485837
2025-04-11,AAPL,456.88,464.14,430.47,436.43,921090
2025-04-11,GOOGL,741.76,759.77,736.51,746.57,931473
2025-04-11,MSFT,119.75,125.0,117.48,123.61,279945
2025-04-11,AMZN,945.88,958.77,907.19,914.74,580830
2025-04-11,TSLA,402.9,410.3,385.17,391.9,405512
2025-04-14,AAPL,976.37,988.37,961.34,968.76,283204
2025-04-14,GOOGL,617.34,620.41,598.7,606.02,961562
2025-04-14,MSFT,223.5,223.7,213.99,218.3,738269
2025-04-14,AMZN,810.77,826.32,809.17,817.1,984938
2025-04-14,TSLA,872.38,875.43,825.74,835.19,986039
2025-04-15,AAPL,741.46,752.53,728.32,736.43,
2025-04-15,GOOGL,591.16,612.02,589.64,602.71,761926
2025-04-15,MSFT,217.18,224.21,213.16,222.22,135186
2025-04-15,AMZN,965.36,983.81,902.32,918.58,805759
2025-04-15,TSLA,408.75,424.81,408.64,422.93,409578
2025-04-16,AAPL,553.81,560.61,527.67,531.8,887498
2025-04-16,GOOGL,799.48,823.79,784.38,813.36,805059
2025-04-16,MSFT,878.04,925.55,877.69,921.72,521153
2025-04-16,AMZN,902.48,939.78,898.02,934.95,219076
2025-04-16,TSLA,773.92,784.61,743.84,747.21,788651
2025-04-17,AAPL,342.47,344.91,338.97,344.7,841937
2025-04-17,GOOGL,608.62,622.0,608.26,618.78,776248
2025-04-17,MSFT,586.07,591.5,561.72,571.5,476493
2025-04-17,AMZN,296.96,301.93,288.94,294.8,168124
2025-04-17,TSLA,963.84,964.38,903.09,918.24,389782
2025-04-18,AAPL,401.14,407.17,394.22,406.71,407146
2025-04-18,GOOGL,507.6,537.52,506.15,527.78,520233
2025-04-18,MSFT,309.43,326.56,307.4,322.6,149987
2025-04-18,AMZN,863.74,869.19,863.15,867.56,861288
2025-04-18,TSLA,153.72,155.64,149.92,151.99,460125
2025-04-21,AAPL,135.56,136.38,129.15,130.71,972081
2025-04-21,GOOGL,217.98,222.56,215.08,218.24,923298
2025-04-21,MSFT,227.5,228.47,221.92,223.7,468977
2025-04-21,AMZN,382.04,385.57,375.29,378.61,516928
2025-04-21,TSLA,409.6,423.1,403.42,416.46,920533
2025-04-22,AAPL,168.39,169.43,161.9,164.81,472229
2025-04-22,GOOGL,119.73,124.94,117.5,122.81,688441
2025-04-22,MSFT,885.32,887.4,845.63,850.51,302209
2025-04-22,AMZN,219.62,225.49,218.45,225.39,404576
2025-04-22,TSLA,367.19,389.31,360.27,384.95,614913
2025-04-23,AAPL,533.15,567.86,532.22,556.96,546311
2025-04-23,GOOGL,252.42,254.12,244.08,248.72,890245
2025-04-23,MSFT,692.54,704.61,691.84,692.84,903817
2025-04-23,AMZN,583.76,602.9,580.15,596.61,325225
2025-04-23,TSLA,510.56,518.67,507.98,515.88,394234
2025-04-24,AAPL,736.32,749.06,704.69,711.07,445721
2025-04-24,GOOGL,450.31,472.45,443.86,471.34,923490
2025-04-24,MSFT,907.11,960.06,905.99,950.1,707698
2025-04-24,AMZN,257.78,258.08,250.43,254.26,681362
2025-04-24,TSLA,168.12,168.85,159.61,161.65,910326
2025-04-25,AAPL,250.06,259.66,248.45,257.91,765366
2025-04-25,GOOGL,809.59,816.69,772.44,780.73,333824
2025-04-25,MSFT,701.44,713.82,666.73,673.82,862679
2025-04-25,AMZN,382.35,405.05,379.72,397.33,624920
2025-04-25,TSLA,857.39,869.18,841.02,861.96,
2025-04-28,AAPL,920.86,931.89,896.54,906.37,725193
2025-04-28,GOOGL,478.43,508.54,477.01,500.43,895776
2025-04-28,MSFT,717.24,721.22,672.95,684.49,698768
2025-04-28,AMZN,806.87,820.46,795.86,812.63,653639
2025-04-28,TSLA,754.12,767.01,731.46,740.95,287855
2025-04-29,AAPL,360.02,360.15,342.44,344.98,828284
2025-04-29,GOOGL,911.68,942.2,911.21,933.36,661206
2025-04-29,MSFT,460.64,464.69,454.05,464.03,149905
2025-04-29,AMZN,533.46,537.98,510.66,520.05,648679
2025-04-29,TSLA,687.63,701.09,675.1,699.91,278220
2025-04-30,AAPL,324.01,330.27,318.22,323.73,428364
2025-04-30,GOOGL,289.42,294.63,282.1,283.68,779557
2025-04-30,MSFT,672.76,688.66,669.97,683.24,296559
2025-04-30,AMZN,538.61,549.06,521.56,530.21,783921
2025-04-30,TSLA,686.82,698.11,667.61,673.75,557982
2025-05-01,AAPL,746.28,753.83,733.5,752.83,462439
2025-05-01,GOOGL,542.78,555.49,535.57,549.47,363226
2025-05-01,MSFT,456.33,484.29,454.97,476.1,174049
2025-05-01,AMZN,495.01,507.28,494.66,505.09,812296
2025-05-01,TSLA,322.78,329.95,320.8,325.41,435765
2025-05-02,AAPL,337.21,347.03,336.8,344.5,725346
2025-05-02,GOOGL,315.92,334.03,313.84,328.52,308097
2025-05-02,MSFT,174.97,181.1,171.76,179.89,978325
2025-05-02,AMZN,641.72,652.66,621.41,627.38,790108
2025-05-02,TSLA,460.38,485.32,460.01,478.99,753592
2025-05-05,AAPL,865.18,876.99,852.75,854.65,662766
2025-05-05,GOOGL,897.91,930.31,895.3,921.29,643028
2025-05-05,MSFT,347.22,348.97,344.81,346.3,305409
2025-05-05,AMZN,345.87,352.68,344.86,349.84,313944
2025-05-05,TSLA,489.78,497.23,481.32,490.93,162704
2025-05-06,AAPL,472.01,476.97,446.76,450.75,952199
2025-05-06,GOOGL,844.45,848.01,832.77,841.6,806028
2025-05-06,MSFT,771.18,805.5,770.97,800.38,268745
2025-05-06,AMZN,295.19,297.72,291.92,294.2,317484
2025-05-06,TSLA,500.65,509.27,477.15,484.62,491964
2025-05-07,AAPL,897.71,920.87,882.28,913.04,679183
2025-05-07,GOOGL,787.5,795.23,767.16,776.37,974310
2025-05-07,MSFT,459.9,460.68,444.03,445.65,128267
2025-05-07,AMZN,828.94,855.67,818.62,852.7,411585
2025-05-07,TSLA,292.77,293.51,284.53,290.07,550843
2025-05-08,AAPL,464.16,492.42,458.61,487.2,808329
2025-05-08,GOOGL,654.89,658.06,649.64,649.67,576173
2025-05-08,MSFT,603.02,634.15,593.25,628.91,393053
2025-05-08,AMZN,438.17,452.38,436.46,449.29,801683
2025-05-08,TSLA,813.44,865.21,799.99,849.42,767040
2025-05-09,AAPL,577.04,580.49,547.63,550.97,487670
2025-05-09,GOOGL,869.72,870.57,840.78,849.29,427954
2025-05-09,MSFT,441.92,443.86,421.91,429.0,515584
2025-05-09,AMZN,822.84,827.6,784.11,799.48,756859
2025-05-09,TSLA,971.46,1008.04,970.27,1007.79,101888
2025-05-12,AAPL,297.57,298.98,285.53,287.07,729495
2025-05-12,GOOGL,555.63,558.18,526.89,529.15,780443
2025-05-12,MSFT,618.78,638.03,607.33,627.65,283531
2025-05-12,AMZN,967.68,982.49,932.28,946.07,823070
2025-05-12,TSLA,292.67,297.04,284.06,289.5,283774
2025-05-13,AAPL,894.88,899.04,839.8,851.14,342108
2025-05-13,GOOGL,527.98,533.26,521.86,526.39,342832
2025-05-13,MSFT,757.55,805.31,747.18,794.05,625388
2025-05-13,AMZN,506.11,510.94,487.38,490.93,326316
2025-05-13,TSLA,238.76,240.66,232.0,236.25,674196
2025-05-14,AAPL,232.76,232.81,231.44,231.88,522995
2025-05-14,GOOGL,901.53,902.31,884.43,891.22,400331
2025-05-14,MSFT,234.26,238.61,229.73,230.59,846264
2025-05-14,AMZN,484.09,501.17,480.63,499.63,369242
2025-05-14,TSLA,918.66,932.34,863.96,873.35,414962
2025-05-15,AAPL,841.33,844.95,824.41,828.83,456459
2025-05-15,GOOGL,800.33,830.81,789.4,820.7,865583
2025-05-15,MSFT,753.73,761.49,728.93,739.81,508276
2025-05-15,AMZN,551.41,561.2,548.6,556.43,192297
2025-05-15,TSLA,952.85,969.55,942.05,960.59,187952
2025-05-16,AAPL,179.92,183.61,178.61,183.45,306779
2025-05-16,GOOGL,643.78,649.4,631.3,642.51,355681
2025-05-16,MSFT,220.41,230.46,217.47,229.11,199807
2025-05-16,AMZN,383.67,390.53,378.47,384.07,514809
2025-05-16,TSLA,793.22,798.17,759.97,763.35,612539
2025-05-19,AAPL,897.94,944.15,880.25,926.86,910052
2025-05-19,GOOGL,900.25,931.51,891.58,926.95,881998
2025-05-19,MSFT,985.38,993.33,964.17,978.99,233917
2025-05-19,AMZN,697.85,711.79,684.11,696.26,588216
2025-05-19,TSLA,277.51,278.95,275.07,277.51,863391
2025-05-20,AAPL,793.44,801.53,765.22,778.76,727623
2025-05-20,GOOGL,463.56,466.22,457.97,459.59,513859
2025-05-20,MSFT,602.08,610.7,591.47,594.97,570596
2025-05-20,AMZN,138.67,139.35,134.22,134.26,920281
2025-05-20,TSLA,703.12,721.11,701.73,720.66,372302
2025-05-21,AAPL,903.88,906.94,889.34,901.44,946709
2025-05-21,GOOGL,937.64,954.17,905.43,918.87,485873
2025-05-21,MSFT,919.74,922.62,881.8,888.91,809642
2025-05-21,AMZN,237.61,237.62,227.08,228.98,306688
2025-05-21,TSLA,672.14,695.65,666.47,683.21,415814
2025-05-22,AAPL,311.81,314.9,308.06,314.39,124494
2025-05-22,GOOGL,847.76,857.83,834.49,854.54,390756
2025-05-22,MSFT,708.41,733.65,696.46,721.6,105876
2025-05-22,AMZN,949.91,1006.41,947.52,996.32,644651
2025-05-22,TSLA,485.24,486.94,476.53,486.29,842704
2025-05-23,AAPL,732.86,739.79,687.71,696.53,538693
2025-05-23,GOOGL,799.94,830.55,798.5,821.56,360971
2025-05-23,MSFT,339.71,342.16,320.2,325.45,581671
2025-05-23,AMZN,813.61,844.88,809.74,835.65,912238
2025-05-23,TSLA,277.33,295.86,276.28,291.05,325255
2025-05-26,AAPL,956.39,1004.6,953.25,990.94,509537
2025-05-26,GOOGL,800.1,816.71,798.55,807.87,930120
2025-05-26,MSFT,413.39,426.9,409.61,425.05,648022
2025-05-26,AMZN,530.12,534.65,510.79,513.11,745478
2025-05-26,TSLA,861.07,877.47,822.89,825.72,145437
2025-05-27,AAPL,558.85,564.64,534.41,538.7,191050
2025-05-27,GOOGL,465.71,472.16,438.79,443.98,299678
2025-05-27,MSFT,110.82,111.31,105.41,106.44,933661
2025-05-27,AMZN,898.72,905.01,862.49,879.09,770442
2025-05-27,TSLA,495.1,497.8,487.97,491.51,509150
2025-05-28,AAPL,214.2,218.23,209.76,211.74,210880
2025-05-28,GOOGL,906.97,929.31,893.84,918.54,481169
2025-05-28,MSFT,158.83,160.0,156.24,157.9,654725
2025-05-28,AMZN,704.05,711.49,664.9,676.69,993659
2025-05-28,TSLA,552.86,559.06,545.81,553.41,667216
2025-05-29,AAPL,984.28,1000.89,945.99,951.22,265201
2025-05-29,GOOGL,199.04,202.34,193.38,194.26,539611
2025-05-29,MSFT,594.18,631.46,590.97,623.16,421822
2025-05-29,AMZN,758.51,773.5,715.19,726.58,959708
2025-05-29,TSLA,924.38,929.7,901.2,918.63,748426
2025-05-30,AAPL,232.03,244.41,229.74,242.58,662948
2025-05-30,GOOGL,127.79,129.93,126.62,126.82,885021
2025-05-30,MSFT,120.28,125.67,118.09,123.86,460005
2025-05-30,AMZN,447.53,460.59,444.06,458.14,554853
2025-05-30,TSLA,476.58,478.2,465.76,472.78,829524
2025-06-02,AAPL,357.54,363.81,343.57,350.36,585434
2025-06-02,GOOGL,237.8,240.66,227.75,231.16,731006
2025-06-02,MSFT,919.44,961.07,901.14,945.33,674846
2025-06-02,AMZN,255.61,257.42,253.56,253.89,486384
2025-06-02,TSLA,127.4,129.8,123.82,124.57,519589
2025-06-03,AAPL,706.3,713.57,683.26,694.09,667771
2025-06-03,GOOGL,388.13,400.76,382.57,398.46,793506
2025-06-03,MSFT,994.65,1003.49,994.46,996.29,647754
2025-06-03,AMZN,371.23,373.29,367.39,371.79,941343
2025-06-03,TSLA,371.13,373.86,353.53,355.19,753227
2025-06-04,AAPL,360.54,364.21,356.65,362.08,121430
2025-06-04,GOOGL,563.54,569.72,559.41,565.31,937338
2025-06-04,MSFT,454.77,474.81,446.61,467.69,890601
2025-06-04,AMZN,408.61,415.52,405.09,408.07,946052
2025-06-04,TSLA,844.99,887.08,836.04,885.65,240576
2025-06-05,AAPL,897.48,908.52,863.71,873.92,810610
2025-06-05,GOOGL,235.29,236.31,220.91,224.45,356531
2025-06-05,MSFT,525.86,560.57,522.45,550.15,193096
2025-06-05,AMZN,802.68,810.14,759.36,764.95,445849
2025-06-05,TSLA,972.43,989.84,922.56,940.1,689501
2025-06-06,AAPL,302.71,308.75,301.99,303.15,909024
2025-06-06,GOOGL,206.82,209.85,202.4,204.46,312135
2025-06-06,MSFT,679.97,693.43,643.0,650.57,501683
2025-06-06,AMZN,891.12,903.18,871.31,886.88,648952
2025-06-06,TSLA,163.7,164.58,162.74,163.87,176891
2025-06-09,AAPL,547.12,555.03,537.61,553.48,170106
2025-06-09,GOOGL,918.11,920.64,887.56,889.17,885687
2025-06-09,MSFT,336.59,353.93,331.31,353.03,931814
2025-06-09,AMZN,723.03,762.71,722.63,753.52,836063
2025-06-09,TSLA,864.09,881.25,852.01,875.82,146647
2025-06-10,AAPL,905.53,928.51,896.88,926.53,172609
2025-06-10,GOOGL,701.42,713.71,688.17,703.73,446286
2025-06-10,MSFT,643.67,675.34,641.48,674.64,124024
2025-06-10,AMZN,293.04,299.94,289.06,294.56,896883
2025-06-10,TSLA,806.86,852.78,794.29,836.6,373046
2025-06-11,AAPL,490.48,494.32,482.09,484.29,882624
2025-06-11,GOOGL,358.46,360.9,353.62,353.98,569891
2025-06-11,MSFT,318.83,329.85,313.43,324.38,950723
2025-06-11,AMZN,131.02,133.24,125.91,126.34,296804
2025-06-11,TSLA,792.32,797.29,758.74,760.4,532985
2025-06-12,AAPL,727.87,735.4,724.41,734.82,774086
2025-06-12,GOOGL,915.31,918.51,900.53,910.33,434314
2025-06-12,MSFT,854.72,866.37,848.11,864.1,981073
2025-06-12,AMZN,484.97,486.08,461.15,463.85,334940
2025-06-12,TSLA,698.18,702.99,672.61,684.9,334393
2025-06-13,AAPL,903.06,911.97,860.18,868.99,596102
2025-06-13,GOOGL,756.18,757.57,732.44,735.85,393883
2025-06-13,MSFT,895.01,906.44,888.96,891.71,915892
2025-06-13,AMZN,296.97,301.48,293.95,295.41,951219
2025-06-13,TSLA,675.67,717.52,667.34,707.71,213361
2025-06-16,AAPL,768.31,773.92,746.49,760.78,484307
2025-06-16,GOOGL,111.92,116.68,110.9,115.4,169004
2025-06-16,MSFT,861.48,873.08,808.42,821.49,776151
2025-06-16,AMZN,221.07,222.58,210.42,214.24,104017
2025-06-16,TSLA,504.43,514.22,496.92,498.87,695006
2025-06-17,AAPL,483.75,491.79,466.91,470.89,797767
2025-06-17,GOOGL,920.23,973.27,913.3,958.86,152717
2025-06-17,MSFT,488.1,502.96,478.76,502.82,776896
2025-06-17,AMZN,604.65,612.59,596.44,602.08,464055
2025-06-17,TSLA,669.28,676.23,634.96,639.5,533075
2025-06-18,AAPL,242.74,255.56,239.28,251.63,400262
2025-06-18,GOOGL,900.66,903.84,866.82,883.51,450551
2025-06-18,MSFT,217.54,220.32,214.19,218.22,719524
2025-06-18,AMZN,767.5,812.65,754.07,802.77,198199
2025-06-18,TSLA,534.58,559.14,534.4,557.58,384098
2025-06-19,AAPL,866.79,870.31,826.92,829.92,604442
2025-06-19,GOOGL,532.49,536.22,528.13,531.06,483026
2025-06-19,MSFT,735.8,748.22,723.29,732.67,615768
2025-06-19,AMZN,116.46,118.22,114.42,117.7,465468
2025-06-19,TSLA,622.21,659.64,611.92,650.82,799525
2025-06-20,AAPL,122.02,123.14,121.11,121.41,457214
2025-06-20,GOOGL,666.99,682.55,660.24,676.13,311937
2025-06-20,MSFT,520.92,529.52,504.62,513.78,472191
2025-06-20,AMZN,201.3,213.82,200.12,210.42,265778
2025-06-20,TSLA,984.29,985.35,933.32,950.65,459401
2025-06-23,AAPL,484.29,493.03,462.95,464.79,913050
2025-06-23,GOOGL,680.35,687.15,647.97,658.55,639690
2025-06-23,MSFT,958.65,969.35,922.85,938.5,971623
2025-06-23,AMZN,751.25,758.66,728.73,741.12,697181
2025-06-23,TSLA,603.97,632.12,602.35,630.73,212786
2025-06-24,AAPL,790.96,810.62,779.92,800.83,541725
2025-06-24,GOOGL,341.97,365.36,335.45,358.35,449237
2025-06-24,MSFT,626.01,638.94,620.32,629.44,564785
2025-06-24,AMZN,255.58,263.43,252.22,260.14,561702
2025-06-24,TSLA,912.88,930.59,905.91,923.82,117145
2025-06-25,AAPL,492.16,498.05,467.2,476.7,325892
2025-06-25,GOOGL,158.95,161.72,156.82,158.48,382867
2025-06-25,MSFT,150.04,150.48,142.18,142.78,222066
2025-06-25,AMZN,219.47,223.54,217.41,221.6,675536
2025-06-25,TSLA,306.92,312.55,297.24,298.84,729033
2025-06-26,AAPL,925.8,931.68,874.18,886.15,340968
2025-06-26,GOOGL,440.47,463.9,432.46,456.25,935171
2025-06-26,MSFT,247.83,250.94,233.21,237.05,833228
2025-06-26,AMZN,959.57,979.9,950.05,976.8,184042
2025-06-26,TSLA,977.94,1003.44,959.07,985.42,973464
2025-06-27,AAPL,869.69,873.78,855.42,871.98,678826
2025-06-27,GOOGL,604.05,607.14,577.2,582.72,394789
2025-06-27,MSFT,209.34,214.33,207.1,210.19,498096
2025-06-27,AMZN,872.68,874.92,853.37,858.3,141220
2025-06-27,TSLA,452.38,455.94,445.93,450.0,489832
2025-06-30,AAPL,264.24,274.02,261.75,271.89,472698
2025-06-30,GOOGL,376.33,381.19,359.1,365.84,581411
2025-06-30,MSFT,791.66,792.48,768.52,771.79,602357
2025-06-30,AMZN,180.71,184.04,179.29,181.79,740101
2025-06-30,TSLA,274.48,278.22,264.65,266.89,962936
2025-07-01,AAPL,696.23,709.89,652.18,664.63,949613
2025-07-01,GOOGL,239.05,242.97,234.8,237.37,809992
2025-07-01,MSFT,163.98,165.89,162.99,163.31,880270
2025-07-01,AMZN,235.45,245.14,232.53,244.53,658855
2025-07-01,TSLA,850.44,857.63,807.89,817.93,437998
2025-07-02,AAPL,161.16,168.22,160.33,167.44,468056
2025-07-02,GOOGL,381.44,404.4,373.93,398.18,357524
2025-07-02,MSFT,426.25,442.85,419.96,435.83,281464
2025-07-02,AMZN,450.14,455.22,440.05,441.24,356875
2025-07-02,TSLA,879.5,887.1,863.43,867.09,765048
2025-07-03,AAPL,687.77,690.08,664.12,676.82,782495
2025-07-03,GOOGL,816.43,864.02,816.09,850.67,829310
2025-07-03,MSFT,659.86,683.45,650.02,681.66,392284
2025-07-03,AMZN,504.19,534.62,499.78,526.06,190657
2025-07-03,TSLA,520.48,528.14,486.62,495.45,731941
2025-07-04,AAPL,463.45,469.26,462.79,467.96,281122
2025-07-04,GOOGL,662.47,666.44,634.31,635.08,762788
2025-07-04,MSFT,554.56,558.96,527.34,534.15,952785
2025-07-04,AMZN,752.87,762.02,740.18,756.72,606394
2025-07-04,TSLA,210.75,215.82,208.37,212.49,878010
2025-07-07,AAPL,113.6,118.67,112.14,116.53,399766
2025-07-07,GOOGL,883.2,938.19,872.22,922.08,580738
2025-07-07,MSFT,428.04,440.36,420.29,434.96,465334
2025-07-07,AMZN,922.66,927.27,884.74,887.01,628355
2025-07-07,TSLA,878.71,895.28,875.04,889.36,772457
2025-07-08,AAPL,996.39,1005.97,959.77,978.26,876115
2025-07-08,GOOGL,118.91,121.59,118.24,120.32,879448
2025-07-08,MSFT,989.68,1015.65,973.3,998.9,165077
2025-07-08,AMZN,428.05,437.24,423.62,432.06,216630
2025-07-08,TSLA,950.31,991.0,939.04,975.53,970078
2025-07-09,AAPL,168.45,177.28,167.52,175.13,943380
2025-07-09,GOOGL,174.55,177.17,171.63,176.36,659625
2025-07-09,MSFT,694.87,735.1,688.17,720.81,266751
2025-07-09,AMZN,868.58,883.22,868.06,879.41,795972
2025-07-09,TSLA,525.1,535.56,515.78,526.22,466342
2025-07-10,AAPL,579.42,515.55,572.83,573.34,120974
2025-07-10,GOOGL,112.39,115.1,111.71,112.86,320494
2025-07-10,MSFT,911.49,912.86,868.65,879.34,751229
2025-07-10,AMZN,460.93,469.04,446.2,454.77,912006
2025-07-10,TSLA,805.13,836.7,795.06,825.43,645995
2025-07-11,AAPL,477.29,481.27,452.6,459.51,870410
2025-07-11,GOOGL,939.66,953.43,925.17,942.76,790030
2025-07-11,MSFT,113.37,117.57,112.29,116.82,664212
2025-07-11,AMZN,381.27,391.31,379.73,384.47,208380
2025-07-11,TSLA,903.19,909.76,877.34,880.66,818246
2025-07-14,AAPL,455.03,462.93,433.83,439.8,902315
2025-07-14,GOOGL,999.52,1029.52,997.15,1017.19,274724
2025-07-14,MSFT,363.15,367.69,356.23,361.45,368310
2025-07-14,AMZN,768.88,812.3,763.92,804.91,484593
2025-07-14,TSLA,766.1,780.54,752.2,775.99,477212
2025-07-15,AAPL,121.6,121.83,118.53,119.39,961592
2025-07-15,GOOGL,945.68,956.55,934.34,936.53,133415
2025-07-15,MSFT,515.0,519.95,505.43,510.09,188437
2025-07-15,AMZN,117.67,117.89,116.28,117.65,588908
2025-07-15,TSLA,186.2,189.73,178.27,179.37,396589
2025-07-16,AAPL,171.37,175.0,167.99,172.37,187077
2025-07-16,GOOGL,943.76,961.74,906.29,913.06,153825
2025-07-16,MSFT,116.7,122.51,114.72,121.95,802739
2025-07-16,AMZN,327.83,294.73,327.48,331.87,948987
2025-07-16,TSLA,141.5,143.14,136.65,137.12,182409
2025-07-17,AAPL,734.98,758.52,722.28,753.15,616688
2025-07-17,GOOGL,459.3,465.53,442.64,447.71,173456
2025-07-17,MSFT,885.43,895.81,862.02,871.9,803510
2025-07-17,AMZN,173.55,176.42,166.84,167.52,833436
2025-07-17,TSLA,518.82,528.87,508.74,513.24,666244
2025-07-18,AAPL,263.94,274.94,261.89,272.82,323114
2025-07-18,GOOGL,714.19,723.84,700.13,701.9,939644
2025-07-18,MSFT,191.52,195.26,191.19,191.21,554337
2025-07-18,AMZN,411.51,423.5,405.66,415.64,951747
2025-07-18,TSLA,587.27,591.26,573.41,581.73,692787
2025-07-21,AAPL,167.58,174.86,166.44,172.21,159778
2025-07-21,GOOGL,850.94,868.63,850.72,859.8,764911
2025-07-21,MSFT,710.72,723.57,687.97,689.89,401830
2025-07-21,AMZN,326.4,334.61,322.46,333.98,910186
2025-07-21,TSLA,566.43,596.76,564.86,593.14,774789
2025-07-22,AAPL,194.19,196.54,189.57,191.92,160727
2025-07-22,GOOGL,651.01,663.49,625.82,634.89,234944
2025-07-22,MSFT,204.4,205.53,194.14,194.63,699981
2025-07-22,AMZN,212.73,224.43,211.47,223.03,234265
2025-07-22,TSLA,336.24,342.87,336.16,342.42,142888
2025-07-23,AAPL,217.61,220.46,209.45,213.31,553745
2025-07-23,GOOGL,825.81,837.08,786.05,792.04,715185
2025-07-23,MSFT,630.86,655.31,625.28,648.38,735359
2025-07-23,AMZN,761.22,764.78,731.29,739.91,564035
2025-07-23,TSLA,689.13,697.69,668.05,680.48,934981
2025-07-24,AAPL,659.8,676.18,658.75,675.54,438087
2025-07-24,GOOGL,490.04,492.84,483.75,490.63,205034
2025-07-24,MSFT,737.93,747.56,708.18,719.34,703932
2025-07-24,AMZN,523.81,543.36,516.76,534.53,393624
2025-07-24,TSLA,366.46,373.28,353.4,353.46,360334
2025-07-25,AAPL,291.84,298.34,290.87,293.87,520978
2025-07-25,GOOGL,959.24,959.91,922.81,932.71,550383
2025-07-25,MSFT,811.2,834.5,800.32,833.9,291809
2025-07-25,AMZN,770.74,784.14,728.61,737.31,607191
2025-07-25,TSLA,701.07,713.97,668.02,670.09,763347
2025-07-28,AAPL,261.51,274.03,257.72,273.62,226530
2025-07-28,GOOGL,654.93,662.08,644.73,661.93,215631
2025-07-28,MSFT,484.65,497.63,481.87,491.1,777628
2025-07-28,AMZN,433.76,447.27,433.01,444.47,446478
2025-07-28,TSLA,629.34,641.62,618.39,625.41,268376
2025-07-29,AAPL,675.17,679.14,638.09,643.67,501572
2025-07-29,GOOGL,536.51,546.07,505.29,515.36,105519
2025-07-29,MSFT,110.07,111.03,107.53,108.38,400311
2025-07-29,AMZN,726.01,730.36,705.77,709.28,722389
2025-07-29,TSLA,693.32,712.25,693.09,703.34,722296
2025-07-30,AAPL,145.55,152.41,145.22,149.48,274815
2025-07-30,GOOGL,340.71,342.69,328.28,333.8,532965
2025-07-30,MSFT,363.98,376.9,358.79,370.66,129848
2025-07-30,AMZN,814.98,827.29,785.23,796.13,511034
2025-07-30,TSLA,757.3,770.01,713.0,723.11,893279
2025-07-31,AAPL,398.08,415.39,396.18,408.58,156426
2025-07-31,GOOGL,896.57,903.47,873.48,883.82,677217
2025-07-31,MSFT,113.51,121.29,112.48,119.1,106405
2025-07-31,AMZN,402.47,403.37,398.84,400.78,502615
2025-07-31,TSLA,869.53,884.3,850.42,865.89,717639
2025-08-01,AAPL,363.39,370.18,350.05,354.17,708344
2025-08-01,GOOGL,519.69,527.94,503.69,511.43,878782
2025-08-01,MSFT,655.09,659.71,635.99,640.34,788589
2025-08-01,AMZN,588.78,593.25,573.45,578.18,283879
2025-08-01,TSLA,524.63,539.81,519.91,537.47,684203
2025-08-04,AAPL,353.57,359.28,350.44,351.82,690816
2025-08-04,GOOGL,278.88,283.47,268.1,268.87,491822
2025-08-04,MSFT,939.3,939.41,888.45,896.2,165150
2025-08-04,AMZN,438.78,456.51,430.54,450.51,856763
2025-08-04,TSLA,628.22,646.58,616.33,645.5,502812
2025-08-05,AAPL,543.55,573.34,538.11,568.56,244996
2025-08-05,GOOGL,531.22,540.68,528.7,533.46,251896
2025-08-05,MSFT,183.85,186.09,174.28,175.83,537867
2025-08-05,AMZN,403.62,406.02,399.33,400.71,919725
2025-08-05,TSLA,945.83,957.44,904.51,914.48,862189
2025-08-06,AAPL,721.12,730.24,710.72,727.24,630127
2025-08-06,GOOGL,382.1,407.71,380.33,401.02,658796
2025-08-06,MSFT,642.32,680.86,633.37,672.21,887542
2025-08-06,AMZN,806.54,822.5,762.4,777.93,330403
2025-08-06,TSLA,177.65,186.28,176.24,182.66,523922
2025-08-07,AAPL,134.22,140.2,131.83,139.04,246419
2025-08-07,GOOGL,350.85,365.79,345.37,362.94,387530
2025-08-07,MSFT,222.82,227.76,219.67,227.03,326364
2025-08-07,AMZN,426.31,448.94,425.39,447.37,995734
2025-08-07,TSLA,856.43,864.4,829.42,835.21,565672
2025-08-08,AAPL,795.58,824.5,789.94,815.16,721312
2025-08-08,GOOGL,947.23,953.47,929.02,942.28,242204
2025-08-08,MSFT,664.26,669.1,655.11,661.66,889041
2025-08-08,AMZN,979.03,996.19,968.93,985.06,636273
2025-08-08,TSLA,214.46,216.32,204.8,205.23,908713
2025-08-11,AAPL,991.05,1036.96,977.06,1016.99,658136
2025-08-11,GOOGL,924.09,938.66,897.0,900.87,358427
2025-08-11,MSFT,269.19,274.28,259.42,262.85,164934
2025-08-11,AMZN,420.15,423.59,397.14,400.86,265567
2025-08-11,TSLA,899.62,942.71,897.74,940.84,825680
2025-08-12,AAPL,551.74,555.27,525.87,535.71,412579
2025-08-12,GOOGL,554.47,569.55,546.93,566.86,175095
2025-08-12,MSFT,405.87,414.56,403.73,406.67,734561
2025-08-12,AMZN,338.77,343.33,334.75,335.24,947230
2025-08-12,TSLA,712.82,731.64,710.88,718.67,802467
2025-08-13,AAPL,467.83,473.51,441.58,444.76,275285
2025-08-13,GOOGL,178.74,183.27,175.79,180.66,597028
2025-08-13,MSFT,438.6,439.18,421.84,423.02,903065
2025-08-13,AMZN,476.02,479.59,471.44,473.18,271138
2025-08-13,TSLA,666.31,674.37,639.31,652.12,593359
2025-08-14,AAPL,774.22,779.56,762.16,768.65,403577
2025-08-14,GOOGL,523.75,538.97,517.64,530.48,682586
2025-08-14,MSFT,632.17,647.98,626.26,636.26,987680
2025-08-14,AMZN,306.72,315.43,302.07,310.44,259851
2025-08-14,TSLA,128.56,129.22,124.16,124.18,577773
2025-08-15,AAPL,275.95,283.74,272.24,282.3,298155
2025-08-15,GOOGL,377.49,397.56,372.7,391.05,659622
2025-08-15,MSFT,508.35,433.43,481.59,491.03,878434
2025-08-15,AMZN,237.14,241.77,227.58,230.39,365177
2025-08-15,TSLA,377.28,380.61,357.25,363.89,801027
2025-08-18,AAPL,152.91,154.87,146.24,146.41,697941
2025-08-18,GOOGL,737.88,739.75,694.98,703.04,937746
2025-08-18,MSFT,401.01,408.57,389.95,394.46,317660
2025-08-18,AMZN,619.69,628.44,617.07,620.99,808130
2025-08-18,TSLA,404.41,407.76,393.5,399.28,830850
2025-08-19,AAPL,843.85,851.57,797.02,807.21,319942
2025-08-19,GOOGL,985.82,993.78,958.57,963.06,247913
2025-08-19,MSFT,569.68,512.57,569.52,595.13,137308
2025-08-19,AMZN,427.22,436.22,420.58,432.21,625986
2025-08-19,TSLA,490.52,504.25,482.37,498.88,866630
2025-08-20,AAPL,401.93,407.01,387.6,392.19,222798
2025-08-20,GOOGL,262.3,264.87,251.47,252.22,814678
2025-08-20,MSFT,361.35,378.9,359.47,373.17,929053
2025-08-20,AMZN,312.98,323.02,311.25,318.26,951419
2025-08-20,TSLA,766.47,778.42,722.69,733.31,718540
2025-08-21,AAPL,745.4,756.8,725.6,732.08,123294
2025-08-21,GOOGL,689.4,732.17,683.66,721.7,558427
2025-08-21,MSFT,717.77,731.51,687.08,693.16,530208
2025-08-21,AMZN,690.39,701.35,684.34,691.41,719712
2025-08-21,TSLA,921.7,937.52,920.53,920.96,457685
2025-08-22,AAPL,682.0,682.71,656.25,656.51,129079
2025-08-22,GOOGL,746.49,770.03,745.89,764.74,121431
2025-08-22,MSFT,120.97,121.03,114.88,116.71,625248
2025-08-22,AMZN,284.25,294.42,282.05,290.73,837735
2025-08-22,TSLA,536.78,541.85,507.81,512.65,798907
2025-08-25,AAPL,144.79,152.34,144.4,151.5,711090
2025-08-25,GOOGL,818.47,852.31,804.2,838.03,606775
2025-08-25,MSFT,315.15,321.82,309.62,320.93,349082
2025-08-25,AMZN,471.14,482.78,467.67,473.84,671848
2025-08-25,TSLA,606.83,610.45,585.43,587.66,875472
2025-08-26,AAPL,303.7,307.38,284.99,289.54,748231
2025-08-26,GOOGL,949.36,990.63,946.44,981.11,928875
2025-08-26,MSFT,380.38,389.41,375.77,386.12,152341
2025-08-26,AMZN,716.17,728.33,673.08,681.62,318892
2025-08-26,TSLA,440.54,445.92,417.83,425.25,242834
2025-08-27,AAPL,806.81,818.72,781.17,784.73,111094
2025-08-27,GOOGL,808.46,812.91,774.28,787.2,670313
2025-08-27,MSFT,520.27,542.61,519.23,538.32,305814
2025-08-27,AMZN,666.88,668.66,643.92,651.93,417191
2025-08-27,TSLA,563.48,567.18,543.55,548.79,145732
2025-08-28,AAPL,987.74,996.11,973.71,976.53,226258
2025-08-28,GOOGL,533.14,542.75,513.29,516.39,960966
2025-08-28,MSFT,447.1,448.82,424.63,426.33,868705
2025-08-28,AMZN,565.76,586.35,564.33,577.18,276008
2025-08-28,TSLA,748.5,763.47,713.09,726.65,935032
2025-08-29,AAPL,132.53,135.2,130.99,134.63,713533
2025-08-29,GOOGL,322.86,329.2,313.5,318.09,
2025-08-29,MSFT,520.67,532.83,510.93,530.31,891791
2025-08-29,AMZN,893.26,934.21,885.23,922.24,213652
2025-08-29,TSLA,141.31,143.72,133.21,135.75,179311
2025-09-01,AAPL,285.34,290.65,269.5,273.52,371323
2025-09-01,GOOGL,845.9,902.24,831.36,885.49,242793
2025-09-01,MSFT,513.41,523.52,508.65,520.43,584164
2025-09-01,AMZN,153.49,156.18,147.12,148.0,945509
2025-09-01,TSLA,352.45,365.91,347.64,364.83,629593
2025-09-02,AAPL,318.96,333.65,317.55,333.16,972228
2025-09-02,GOOGL,622.63,624.67,608.05,620.32,900696
2025-09-02,MSFT,318.21,324.42,308.41,309.92,215933
2025-09-02,AMZN,969.64,973.68,918.6,929.36,554734
2025-09-02,TSLA,497.11,508.8,489.57,506.79,888766
2025-09-03,AAPL,309.72,310.48,289.48,294.4,488560
2025-09-03,GOOGL,138.39,141.06,130.16,132.06,671399
2025-09-03,MSFT,529.95,557.12,528.44,553.0,175263
2025-09-03,AMZN,861.54,868.33,859.6,867.85,615518
2025-09-03,TSLA,791.38,804.9,765.72,775.92,473464
2025-09-04,AAPL,431.07,437.29,412.62,416.13,537835
2025-09-04,GOOGL,847.06,890.95,845.48,877.38,923757
2025-09-04,MSFT,887.39,894.08,881.03,890.69,337079
2025-09-04,AMZN,230.18,230.69,223.92,224.66,303735
2025-09-04,TSLA,175.85,176.88,164.32,167.07,673991
2025-09-05,AAPL,433.31,441.36,424.58,427.27,226221
2025-09-05,GOOGL,755.54,765.21,745.15,762.41,713655
2025-09-05,MSFT,892.09,906.23,839.49,855.11,168939
2025-09-05,AMZN,982.54,1035.19,975.83,1019.98,776292
2025-09-05,TSLA,760.74,782.4,746.29,781.76,911772
2025-09-08,AAPL,307.79,308.81,306.89,307.06,404648
2025-09-08,GOOGL,151.29,158.79,149.75,157.23,756672
2025-09-08,MSFT,887.09,912.46,876.33,909.26,828828
2025-09-08,AMZN,689.63,691.33,682.05,690.9,509372
2025-09-08,TSLA,855.94,864.13,834.86,837.42,428636
2025-09-09,AAPL,752.58,784.14,747.79,781.13,619351
2025-09-09,GOOGL,565.75,580.78,556.34,577.9,675563
2025-09-09,MSFT,113.2,113.27,106.42,107.71,
2025-09-09,AMZN,897.87,920.99,889.63,908.42,819425
2025-09-09,TSLA,851.41,867.12,830.14,834.46,287337
2025-09-10,AAPL,288.49,303.44,286.85,300.13,873395
2025-09-10,GOOGL,698.79,725.3,691.22,717.38,158209
2025-09-10,MSFT,862.78,863.63,827.87,842.77,237296
2025-09-10,AMZN,672.06,690.88,668.8,682.2,334369
2025-09-10,TSLA,382.65,389.38,367.82,374.76,280573
2025-09-11,AAPL,270.48,274.04,264.12,267.95,585135
2025-09-11,GOOGL,764.95,779.65,753.45,759.4,858474
2025-09-11,MSFT,441.38,457.76,437.67,451.46,982545
2025-09-11,AMZN,342.01,345.1,332.75,336.77,833953
2025-09-11,TSLA,932.75,946.27,911.78,924.08,645977
2025-09-12,AAPL,493.29,500.48,486.75,497.53,635121
2025-09-12,GOOGL,146.39,146.79,145.24,146.13,866940
2025-09-12,MSFT,720.06,759.13,707.07,745.41,218359
2025-09-12,AMZN,387.01,405.44,380.83,399.44,375601
2025-09-12,TSLA,191.47,192.78,187.44,190.19,757282
2025-09-15,AAPL,801.41,803.95,782.29,791.15,129280
2025-09-15,GOOGL,257.25,259.89,255.01,255.71,313597
2025-09-15,MSFT,946.93,988.39,931.24,987.44,553996
2025-09-15,AMZN,142.05,142.48,138.46,139.02,239147
2025-09-15,TSLA,399.14,424.17,391.53,418.12,624614
2025-09-16,AAPL,993.8,1041.46,978.23,1027.19,216498
2025-09-16,GOOGL,150.23,151.36,143.08,145.29,127937
2025-09-16,MSFT,535.19,545.86,517.46,520.71,114181
2025-09-16,AMZN,337.37,342.31,315.65,321.88,
2025-09-16,TSLA,567.35,571.45,552.39,559.2,995999
2025-09-17,AAPL,994.93,1000.99,968.95,974.41,297871
2025-09-17,GOOGL,317.19,334.81,315.05,329.31,626799
2025-09-17,MSFT,314.58,330.45,309.09,327.99,620438
2025-09-17,AMZN,607.09,611.34,575.33,582.44,198817
2025-09-17,TSLA,462.58,491.51,455.99,483.19,357013
2025-09-18,AAPL,574.93,575.25,544.74,554.62,847469
2025-09-18,GOOGL,660.04,670.37,640.82,644.0,234622
2025-09-18,MSFT,738.12,751.4,720.31,726.56,864438
2025-09-18,AMZN,522.36,531.83,495.5,504.2,584463
2025-09-18,TSLA,317.34,321.5,300.68,304.31,594592
2025-09-19,AAPL,844.31,884.72,840.78,872.81,195848
2025-09-19,GOOGL,560.85,579.94,550.33,578.86,995520
2025-09-19,MSFT,296.78,312.65,293.93,308.55,763076
2025-09-19,AMZN,693.33,705.14,681.03,700.52,400433
2025-09-19,TSLA,906.93,917.79,880.74,897.95,505325
2025-09-22,AAPL,426.5,430.88,400.09,406.88,824464
2025-09-22,GOOGL,321.61,333.85,317.64,333.82,174602
2025-09-22,MSFT,951.66,962.06,923.84,941.42,204808
2025-09-22,AMZN,475.55,485.65,474.92,477.81,782842
2025-09-22,TSLA,156.78,158.57,154.77,158.36,710864
2025-09-23,AAPL,412.98,422.01,410.17,415.2,131967
2025-09-23,GOOGL,670.36,680.95,669.83,675.39,117247
2025-09-23,MSFT,724.44,743.29,715.6,735.75,954875
2025-09-23,AMZN,506.7,531.9,501.51,528.19,336626
2025-09-23,TSLA,210.93,213.18,203.8,206.77,766031
2025-09-24,AAPL,733.1,736.61,704.5,709.6,507931
2025-09-24,GOOGL,431.51,432.87,420.89,425.69,609660
2025-09-24,MSFT,835.22,872.14,826.44,859.41,845061
2025-09-24,AMZN,450.74,471.1,450.49,468.37,512665
2025-09-24,TSLA,602.57,615.42,594.41,603.83,829649
2025-09-25,AAPL,843.59,847.23,836.3,843.02,634462
2025-09-25,GOOGL,739.47,753.57,694.37,705.0,315854
2025-09-25,MSFT,845.1,874.26,840.12,859.59,323282
2025-09-25,AMZN,966.88,979.28,951.99,978.09,878092
2025-09-25,TSLA,806.56,845.46,791.72,840.73,561735
2025-09-26,AAPL,563.84,574.68,560.59,572.93,547245
2025-09-26,GOOGL,345.77,365.57,339.94,361.89,908082
2025-09-26,MSFT,435.2,454.3,434.99,446.5,360819
2025-09-26,AMZN,949.78,966.69,932.65,942.81,195609
2025-09-26,TSLA,252.01,263.23,248.24,262.75,494058
2025-09-29,AAPL,629.83,644.69,629.01,635.07,227531
2025-09-29,GOOGL,574.59,605.69,573.9,601.09,534258
2025-09-29,MSFT,594.55,626.62,587.36,622.49,608639
2025-09-29,AMZN,137.44,137.6,135.82,136.81,
2025-09-29,TSLA,880.93,904.17,877.0,892.01,842959
2025-09-30,AAPL,967.62,970.49,934.21,939.9,556744
2025-09-30,GOOGL,927.66,932.13,898.07,905.33,742323
2025-09-30,MSFT,590.94,595.94,581.76,593.01,449901
2025-09-30,AMZN,585.19,617.02,579.63,611.65,393938
2025-09-30,TSLA,946.67,981.15,941.82,969.37,473142
2025-10-01,AAPL,372.7,377.2,370.49,375.86,124366
2025-10-01,GOOGL,766.13,773.06,745.64,745.83,845360
2025-10-01,MSFT,796.28,805.71,785.26,799.46,376379
2025-10-01,AMZN,244.2,247.43,235.64,238.59,277816
2025-10-01,TSLA,217.07,220.06,207.64,210.28,519346
2025-10-02,AAPL,561.39,563.1,549.97,552.47,503186
2025-10-02,GOOGL,576.01,601.99,569.2,594.8,563392
2025-10-02,MSFT,553.72,560.55,537.51,545.79,174478
2025-10-02,AMZN,485.87,494.52,477.87,479.34,665900
2025-10-02,TSLA,327.77,344.0,327.75,340.72,703103
2025-10-03,AAPL,552.93,580.36,544.83,574.95,
2025-10-03,GOOGL,834.18,840.6,809.78,813.11,804287
2025-10-03,MSFT,620.9,629.99,612.08,629.05,742061
2025-10-03,AMZN,812.41,853.81,809.07,846.67,716652
2025-10-03,TSLA,802.89,809.74,789.85,791.0,149829
2025-10-06,AAPL,877.12,893.49,859.23,862.5,375525
2025-10-06,GOOGL,168.03,174.15,164.89,174.1,138499
2025-10-06,MSFT,802.84,807.21,784.07,790.79,757956
2025-10-06,AMZN,402.3,403.53,383.05,390.84,508456
2025-10-06,TSLA,944.71,955.69,886.98,897.49,879837
2025-10-07,AAPL,437.94,456.88,432.24,451.9,607088
2025-10-07,GOOGL,998.79,999.53,971.06,983.43,181043
2025-10-07,MSFT,488.04,508.35,478.65,507.97,498647
2025-10-07,AMZN,482.18,489.18,473.79,483.64,173024
2025-10-07,TSLA,111.6,113.25,109.21,111.25,463538
2025-10-08,AAPL,867.73,877.92,854.77,865.34,817735
2025-10-08,GOOGL,696.96,727.42,694.25,716.12,117034
2025-10-08,MSFT,815.97,844.35,808.73,837.4,163472
2025-10-08,AMZN,583.52,600.79,573.3,589.88,395984
2025-10-08,TSLA,709.44,709.61,702.17,703.59,324440
2025-10-09,AAPL,830.06,836.76,788.76,794.31,297266
2025-10-09,GOOGL,456.46,481.1,451.69,471.92,535728
2025-10-09,MSFT,990.95,998.89,965.33,982.78,671479
2025-10-09,AMZN,837.01,842.28,818.32,822.66,972587
2025-10-09,TSLA,113.7,116.0,113.67,114.72,765380
2025-10-10,AAPL,999.86,1053.69,988.84,1045.5,384593
2025-10-10,GOOGL,288.09,297.62,282.87,296.01,946276
2025-10-10,MSFT,669.44,675.84,664.65,666.28,720170
2025-10-10,AMZN,465.94,470.76,446.14,452.33,736258
2025-10-10,TSLA,540.09,557.12,538.85,548.92,380488
2025-10-13,AAPL,568.07,574.51,558.9,562.49,740141
2025-10-13,GOOGL,854.04,872.26,842.6,862.24,348151
2025-10-13,MSFT,739.06,756.31,728.1,751.99,830085
2025-10-13,AMZN,865.32,905.31,855.64,902.91,145799
2025-10-13,TSLA,189.14,192.86,188.36,190.14,468402
2025-10-14,AAPL,323.27,325.68,317.27,322.57,758706
2025-10-14,GOOGL,238.83,240.16,224.71,228.28,771035
2025-10-14,MSFT,787.6,839.92,775.6,824.41,482604
2025-10-14,AMZN,996.63,1039.53,987.04,1035.76,432213
2025-10-14,TSLA,366.15,372.35,361.96,368.75,393619
2025-10-15,AAPL,112.86,116.47,112.76,116.01,807438
2025-10-15,GOOGL,824.47,832.99,803.09,808.75,341302
2025-10-15,MSFT,239.89,245.1,238.92,240.66,396815
2025-10-15,AMZN,134.2,136.38,128.99,130.93,263898
2025-10-15,TSLA,792.1,800.42,782.99,798.38,940816
2025-10-16,AAPL,442.92,445.44,423.43,430.04,788477
2025-10-16,GOOGL,713.21,732.49,713.17,727.44,450583
2025-10-16,MSFT,771.28,777.6,734.58,740.98,583256
2025-10-16,AMZN,685.0,707.21,675.67,698.44,930325
2025-10-16,TSLA,329.92,337.68,324.3,334.63,765349
2025-10-17,AAPL,237.43,249.28,234.83,247.57,556460
2025-10-17,GOOGL,686.92,720.92,680.72,709.23,699955
2025-10-17,MSFT,271.8,274.36,258.6,261.75,541284
2025-10-17,AMZN,590.63,592.45,563.22,567.7,607107
2025-10-17,TSLA,860.37,914.56,854.85,899.55,258119
2025-10-20,AAPL,405.52,405.53,390.63,392.66,956408
2025-10-20,GOOGL,183.31,185.36,177.11,179.02,794128
2025-10-20,MSFT,907.91,959.88,907.32,951.65,900137
2025-10-20,AMZN,603.94,607.4,567.49,578.75,422235
2025-10-20,TSLA,882.1,896.88,862.69,872.8,503839
2025-10-21,AAPL,743.74,788.52,729.33,776.2,492675
2025-10-21,GOOGL,189.69,192.9,178.37,180.61,166142
2025-10-21,MSFT,153.8,155.24,145.74,146.96,190508
2025-10-21,AMZN,367.34,377.73,365.53,373.83,461923
2025-10-21,TSLA,161.27,161.37,158.04,160.88,508303
2025-10-22,AAPL,857.73,884.54,850.55,873.9,600022
2025-10-22,GOOGL,625.1,630.87,616.01,627.24,377400
2025-10-22,MSFT,512.01,522.23,495.94,498.28,642136
2025-10-22,AMZN,507.98,535.21,502.27,529.92,370565
2025-10-22,TSLA,334.97,335.95,331.32,335.6,135899
2025-10-23,AAPL,990.06,1025.01,975.83,1023.51,776225
2025-10-23,GOOGL,687.79,693.57,672.7,685.09,789829
2025-10-23,MSFT,952.94,968.35,945.24,958.3,644801
2025-10-23,AMZN,377.12,391.22,373.84,385.52,725109
2025-10-23,TSLA,404.35,407.26,379.79,384.64,616739
2025-10-24,AAPL,653.59,664.01,646.58,653.39,362306
2025-10-24,GOOGL,969.85,999.21,961.61,985.61,243612
2025-10-24,MSFT,489.78,497.69,485.97,488.86,332522
2025-10-24,AMZN,625.66,635.39,618.09,624.48,959109
2025-10-24,TSLA,880.98,906.53,864.8,899.99,183733
2025-10-27,AAPL,289.46,292.86,285.76,291.97,404325
2025-10-27,GOOGL,307.12,308.81,295.84,296.02,130419
2025-10-27,MSFT,432.32,440.76,412.75,417.75,561462
2025-10-27,AMZN,247.62,258.68,244.76,256.26,377268
2025-10-27,TSLA,306.62,312.99,301.31,310.58,991462
2025-10-28,AAPL,120.05,124.2,118.18,122.2,377440
2025-10-28,GOOGL,229.04,243.57,228.63,239.52,847813
2025-10-28,MSFT,396.59,412.83,395.77,410.86,390261
2025-10-28,AMZN,833.32,871.55,816.99,863.46,191200
2025-10-28,TSLA,750.39,758.79,719.13,726.27,743664
2025-10-29,AAPL,112.55,112.67,110.73,110.9,390256
2025-10-29,GOOGL,377.76,393.74,370.23,390.16,739584
2025-10-29,MSFT,114.36,117.21,113.28,116.47,962576
2025-10-29,AMZN,513.28,513.84,482.37,487.78,159725
2025-10-29,TSLA,519.17,528.4,506.37,510.31,676061
2025-10-30,AAPL,340.85,342.28,326.07,329.61,619240
2025-10-30,GOOGL,973.78,985.38,940.13,948.3,364384
2025-10-30,MSFT,836.36,844.99,816.8,819.01,103304
2025-10-30,AMZN,878.96,887.09,836.54,853.31,651109
2025-10-30,TSLA,357.45,367.76,354.67,366.64,830707
2025-10-31,AAPL,611.86,641.76,601.03,633.13,753964
2025-10-31,GOOGL,499.85,524.34,497.61,519.25,343273
2025-10-31,MSFT,412.6,423.91,406.77,420.7,522611
2025-10-31,AMZN,359.57,374.13,353.75,367.13,735589
2025-10-31,TSLA,140.04,146.84,139.7,146.56,906702
2025-11-03,AAPL,104.52,105.39,101.5,103.54,788685
2025-11-03,GOOGL,733.73,741.68,728.86,730.3,100452
2025-11-03,MSFT,260.79,265.93,246.88,251.42,764326
2025-11-03,AMZN,677.88,709.07,669.7,702.85,317629
2025-11-03,TSLA,757.67,798.67,753.89,790.77,102238
2025-11-04,AAPL,887.46,902.71,879.96,900.78,536382
2025-11-04,GOOGL,579.55,609.62,568.77,605.79,404222
2025-11-04,MSFT,916.22,923.1,870.53,881.37,266140
2025-11-04,AMZN,566.9,577.18,554.2,563.31,427406
2025-11-04,TSLA,120.0,121.34,115.12,115.55,686463
2025-11-05,AAPL,188.7,197.12,188.54,195.09,108209
2025-11-05,GOOGL,601.77,608.54,581.92,582.45,892582
2025-11-05,MSFT,107.9,109.24,105.36,107.27,587835
2025-11-05,AMZN,124.47,126.73,123.67,124.62,141249
2025-11-05,TSLA,708.59,717.82,675.86,689.13,761756
2025-11-06,AAPL,167.18,169.72,159.39,162.36,396579
2025-11-06,GOOGL,975.33,1023.13,970.27,1018.62,136188
2025-11-06,MSFT,983.91,1021.6,981.59,1016.06,711830
2025-11-06,AMZN,318.53,327.31,318.0,324.25,275703
2025-11-06,TSLA,782.77,817.19,771.22,811.49,292219
2025-11-07,AAPL,884.34,895.07,866.76,880.22,998718
2025-11-07,GOOGL,236.95,239.58,227.17,228.04,746001
2025-11-07,MSFT,608.01,612.76,585.84,587.49,521899
2025-11-07,AMZN,365.41,372.65,343.5,347.33,664436
2025-11-07,TSLA,793.52,813.51,782.01,812.11,306602
2025-11-10,AAPL,704.58,742.98,695.44,730.9,298459
2025-11-10,GOOGL,523.59,542.9,523.42,538.92,890772
2025-11-10,MSFT,250.57,263.4,249.1,259.55,566058
2025-11-10,AMZN,415.3,435.56,413.18,434.93,394806
2025-11-10,TSLA,474.95,483.5,472.56,478.79,248216
2025-11-11,AAPL,359.13,378.0,352.62,375.84,597250
2025-11-11,GOOGL,184.48,186.56,182.34,185.07,366200
2025-11-11,MSFT,760.92,800.61,749.08,789.96,715508
2025-11-11,AMZN,283.86,288.98,276.05,277.65,292568
2025-11-11,TSLA,531.51,536.72,523.09,523.84,756351
2025-11-12,AAPL,874.49,889.2,844.23,844.58,281363
2025-11-12,GOOGL,487.74,498.84,481.69,497.94,627833
2025-11-12,MSFT,122.22,126.68,120.31,126.22,995352
2025-11-12,AMZN,305.65,309.2,304.33,307.82,282344
2025-11-12,TSLA,107.69,108.49,105.31,105.47,995739
2025-11-13,AAPL,276.74,289.97,273.95,285.23,747724
2025-11-13,GOOGL,841.22,851.15,811.02,822.17,184703
2025-11-13,MSFT,916.84,921.54,883.95,901.02,894887
2025-11-13,AMZN,429.91,431.65,407.69,414.1,498977
2025-11-13,TSLA,674.82,679.73,652.45,665.71,477073
2025-11-14,AAPL,935.51,945.08,921.04,935.35,706146
2025-11-14,GOOGL,364.22,370.24,362.78,366.28,229703
2025-11-14,MSFT,242.55,244.67,227.86,230.72,148494
2025-11-14,AMZN,284.35,301.81,281.84,297.72,
2025-11-14,TSLA,473.12,480.86,443.23,452.25,180045
2025-11-17,AAPL,689.11,693.21,665.06,666.37,717453
2025-11-17,GOOGL,149.84,153.84,148.73,151.08,713702
2025-11-17,MSFT,245.5,250.21,242.12,249.75,969288
2025-11-17,AMZN,768.66,788.46,764.24,773.21,432197
2025-11-17,TSLA,897.91,913.93,848.56,855.22,449576
2025-11-18,AAPL,658.1,702.34,647.88,689.65,634653
2025-11-18,GOOGL,634.16,639.18,625.06,625.54,268658
2025-11-18,MSFT,512.78,512.85,497.08,497.56,478955
2025-11-18,AMZN,438.16,440.19,414.56,420.91,474086
2025-11-18,TSLA,646.36,675.48,642.7,667.22,724793
2025-11-19,AAPL,695.68,703.11,662.63,671.74,638043
2025-11-19,GOOGL,345.78,350.08,345.74,349.69,394746
2025-11-19,MSFT,527.63,535.69,511.58,517.44,686827
2025-11-19,AMZN,942.63,945.05,925.34,942.71,669786
2025-11-19,TSLA,669.45,677.23,658.02,668.27,885793
2025-11-20,AAPL,701.75,737.05,694.84,729.36,650939
2025-11-20,GOOGL,930.45,951.45,923.8,951.13,995009
2025-11-20,MSFT,406.7,414.37,402.63,409.27,518180
2025-11-20,AMZN,842.54,854.33,825.73,827.65,112793
2025-11-20,TSLA,767.03,809.94,758.69,796.08,943158
2025-11-21,AAPL,937.6,938.3,915.23,921.65,430169
2025-11-21,GOOGL,731.83,760.02,725.09,756.87,502715
2025-11-21,MSFT,424.21,431.45,413.43,414.55,812734
2025-11-21,AMZN,813.97,814.73,776.09,790.07,997976
2025-11-21,TSLA,386.01,392.78,368.7,374.51,500509
2025-11-24,AAPL,188.17,190.03,188.13,188.4,758083
2025-11-24,GOOGL,394.29,403.21,390.04,401.34,944633
2025-11-24,MSFT,379.06,381.64,356.59,361.64,638621
2025-11-24,AMZN,561.33,567.86,529.76,536.26,210623
2025-11-24,TSLA,264.95,274.13,263.4,270.37,134191
2025-11-25,AAPL,293.51,295.65,277.9,279.71,327878
2025-11-25,GOOGL,299.04,299.87,293.85,297.35,872409
2025-11-25,MSFT,115.69,122.09,115.69,119.7,681458
2025-11-25,AMZN,594.51,624.97,585.85,623.66,107014
2025-11-25,TSLA,873.83,880.85,866.44,875.96,586148
2025-11-26,AAPL,160.66,163.93,160.01,162.5,496064
2025-11-26,GOOGL,961.78,1001.42,958.04,998.15,745341
2025-11-26,MSFT,726.65,730.58,681.34,692.41,622888
2025-11-26,AMZN,761.68,771.15,749.46,769.31,316533
2025-11-26,TSLA,214.8,218.62,211.65,213.84,980524
2025-11-27,AAPL,927.72,973.93,918.01,958.89,744564
2025-11-27,GOOGL,291.02,294.02,283.6,287.85,207361
2025-11-27,MSFT,429.68,442.43,424.26,437.7,871457
2025-11-27,AMZN,745.73,757.78,741.13,750.99,754222
2025-11-27,TSLA,684.65,711.55,679.71,707.32,533739
2025-11-28,AAPL,864.46,893.51,854.61,889.53,381695
2025-11-28,GOOGL,884.55,934.39,872.38,926.07,593011
2025-11-28,MSFT,203.81,210.36,199.84,206.79,948518
2025-11-28,AMZN,421.74,429.08,420.32,427.96,764264
2025-11-28,TSLA,164.09,171.51,163.18,171.39,805032
